-- phpMyAdmin SQL Dump
-- version 4.6.6deb5
-- https://www.phpmyadmin.net/
--
-- Host: localhost:3306
-- Generation Time: May 18, 2020 at 05:13 AM
-- Server version: 5.7.30-0ubuntu0.18.04.1
-- PHP Version: 7.2.24-0ubuntu0.18.04.4

SET SQL_MODE = "NO_AUTO_VALUE_ON_ZERO";
SET time_zone = "+00:00";


/*!40101 SET @OLD_CHARACTER_SET_CLIENT=@@CHARACTER_SET_CLIENT */;
/*!40101 SET @OLD_CHARACTER_SET_RESULTS=@@CHARACTER_SET_RESULTS */;
/*!40101 SET @OLD_COLLATION_CONNECTION=@@COLLATION_CONNECTION */;
/*!40101 SET NAMES utf8mb4 */;

--
-- Database: `thebuyin`
--

-- --------------------------------------------------------

--
-- Table structure for table `durations`
--

CREATE TABLE `durations` (
  `id` int(11) UNSIGNED NOT NULL,
  `time_unit_id` enum('1','2') COLLATE utf8mb4_unicode_ci NOT NULL DEFAULT '1' COMMENT '''1'' = Minutes, ''2'' = Hours',
  `duration` int(11) NOT NULL DEFAULT '0',
  `created_at` datetime DEFAULT CURRENT_TIMESTAMP,
  `updated_at` datetime DEFAULT CURRENT_TIMESTAMP,
  `deleted_at` datetime DEFAULT NULL
) ENGINE=InnoDB DEFAULT CHARSET=utf8mb4 COLLATE=utf8mb4_unicode_ci;

--
-- Dumping data for table `durations`
--

INSERT INTO `durations` (`id`, `time_unit_id`, `duration`, `created_at`, `updated_at`, `deleted_at`) VALUES
(1, '1', 15, '2020-04-26 00:00:00', '2020-04-26 00:00:00', NULL),
(2, '1', 30, '2020-04-26 00:00:00', '2020-04-26 00:00:00', NULL),
(3, '1', 45, '2020-04-26 00:00:00', '2020-04-26 00:00:00', NULL),
(4, '2', 1, '2020-04-26 00:00:00', '2020-04-26 00:00:00', NULL),
(5, '2', 2, '2020-04-26 00:00:00', '2020-04-26 00:00:00', NULL),
(6, '2', 3, '2020-05-09 09:11:21', '2020-05-09 09:11:21', NULL),
(7, '2', 4, '2020-05-09 09:11:21', '2020-05-09 09:11:21', NULL),
(8, '2', 5, '2020-05-09 09:11:40', '2020-05-09 09:11:40', NULL),
(9, '2', 6, '2020-05-09 09:11:40', '2020-05-09 09:11:40', NULL);

-- --------------------------------------------------------

--
-- Table structure for table `exercises`
--

CREATE TABLE `exercises` (
  `id` int(11) UNSIGNED NOT NULL,
  `exercise_name` varchar(255) COLLATE utf8mb4_unicode_ci NOT NULL,
  `created_at` datetime DEFAULT CURRENT_TIMESTAMP,
  `updated_at` datetime DEFAULT CURRENT_TIMESTAMP,
  `deleted_at` datetime DEFAULT NULL
) ENGINE=InnoDB DEFAULT CHARSET=utf8mb4 COLLATE=utf8mb4_unicode_ci;

--
-- Dumping data for table `exercises`
--

INSERT INTO `exercises` (`id`, `exercise_name`, `created_at`, `updated_at`, `deleted_at`) VALUES
(1, 'Push ups', '2020-05-09 10:25:46', '2020-05-09 10:25:46', NULL),
(2, 'Pull ups', '2020-05-09 11:38:27', '2020-05-09 11:38:27', NULL),
(3, 'Crunchess', '2020-05-09 11:38:41', '2020-05-09 11:39:22', NULL),
(4, 'Lat pull down', '2020-05-09 11:38:50', '2020-05-09 11:39:40', NULL);

-- --------------------------------------------------------

--
-- Table structure for table `failed_jobs`
--

CREATE TABLE `failed_jobs` (
  `id` bigint(20) UNSIGNED NOT NULL,
  `connection` text COLLATE utf8mb4_unicode_ci NOT NULL,
  `queue` text COLLATE utf8mb4_unicode_ci NOT NULL,
  `payload` longtext COLLATE utf8mb4_unicode_ci NOT NULL,
  `exception` longtext COLLATE utf8mb4_unicode_ci NOT NULL,
  `failed_at` timestamp NOT NULL DEFAULT CURRENT_TIMESTAMP
) ENGINE=InnoDB DEFAULT CHARSET=utf8mb4 COLLATE=utf8mb4_unicode_ci;

-- --------------------------------------------------------

--
-- Table structure for table `migrations`
--

CREATE TABLE `migrations` (
  `id` int(10) UNSIGNED NOT NULL,
  `migration` varchar(255) COLLATE utf8mb4_unicode_ci NOT NULL,
  `batch` int(11) NOT NULL
) ENGINE=InnoDB DEFAULT CHARSET=utf8mb4 COLLATE=utf8mb4_unicode_ci;

--
-- Dumping data for table `migrations`
--

INSERT INTO `migrations` (`id`, `migration`, `batch`) VALUES
(1, '2014_10_12_000000_create_users_table', 1),
(2, '2014_10_12_100000_create_password_resets_table', 1),
(3, '2019_08_19_000000_create_failed_jobs_table', 1),
(4, '2016_06_01_000001_create_oauth_auth_codes_table', 2),
(5, '2016_06_01_000002_create_oauth_access_tokens_table', 2),
(6, '2016_06_01_000003_create_oauth_refresh_tokens_table', 2),
(7, '2016_06_01_000004_create_oauth_clients_table', 2),
(8, '2016_06_01_000005_create_oauth_personal_access_clients_table', 2);

-- --------------------------------------------------------

--
-- Table structure for table `oauth_access_tokens`
--

CREATE TABLE `oauth_access_tokens` (
  `id` varchar(100) COLLATE utf8mb4_unicode_ci NOT NULL,
  `user_id` bigint(20) UNSIGNED DEFAULT NULL,
  `client_id` bigint(20) UNSIGNED NOT NULL,
  `name` varchar(255) COLLATE utf8mb4_unicode_ci DEFAULT NULL,
  `scopes` text COLLATE utf8mb4_unicode_ci,
  `revoked` tinyint(1) NOT NULL,
  `created_at` timestamp NULL DEFAULT NULL,
  `updated_at` timestamp NULL DEFAULT NULL,
  `expires_at` datetime DEFAULT NULL
) ENGINE=InnoDB DEFAULT CHARSET=utf8mb4 COLLATE=utf8mb4_unicode_ci;

--
-- Dumping data for table `oauth_access_tokens`
--

INSERT INTO `oauth_access_tokens` (`id`, `user_id`, `client_id`, `name`, `scopes`, `revoked`, `created_at`, `updated_at`, `expires_at`) VALUES
('01e6e0cd705bda00b9502f82a62568586c22f3ebda475dfffad5da8933db7b14dc20fa995615cc4f', 11, 1, 'thebuyin', '[]', 1, '2020-05-06 06:08:59', '2020-05-06 06:08:59', '2021-05-06 06:08:59'),
('0208e078a5644c1c0d838ea337b23f83fe90a374797bc2ba45795cb78796924329a83c5f7b82b20c', 44, 1, 'thebuyin', '[]', 0, '2020-05-06 11:43:45', '2020-05-06 11:43:45', '2021-05-06 11:43:45'),
('02cace11a7b7f48d1d22defc34aad3c869a0bbb3c1be4de9a2ae70393eca907edd1b66d47de6dec4', 11, 1, 'thebuyin', '[]', 1, '2020-05-07 04:11:55', '2020-05-07 04:11:55', '2021-05-07 04:11:55'),
('04500e99a48e3830006341aabe447d39ee3b0ce15ff6f74f8f1a80b50d9ced7643f0ae70539d1189', 36, 1, 'thebuyin', '[]', 1, '2020-05-07 04:15:23', '2020-05-07 04:15:23', '2021-05-07 04:15:23'),
('0498d570ede804c33e73975c40ea4ec04eb512a74d6f9319044c540e12695357526b15b2cd928f7f', 9, 1, 'thebuyin', '[]', 0, '2020-05-01 05:25:36', '2020-05-01 05:25:36', '2021-05-01 05:25:36'),
('061e4596c2ee6b20bd7b44f6feb067d419884d6dd1652681f35172aba0a47b24b85a9d792d736784', 3, 1, 'thebuyin', '[]', 0, '2020-05-09 10:34:17', '2020-05-09 10:34:17', '2021-05-09 10:34:17'),
('06bd8c83f0f5967f3a54b9040e1e4fd8c8605c78df6c536c0d8856a06ed40cffd206d49c171fe8b0', 42, 1, 'thebuyin', '[]', 1, '2020-05-08 04:46:35', '2020-05-08 04:46:35', '2021-05-08 04:46:35'),
('06d40b2426a1ba162cecc88e2b937ae5dbee08fa0af6f7c5ea977c700d87cd73cbd96bb3409d5890', 11, 1, 'thebuyin', '[]', 1, '2020-05-06 10:32:12', '2020-05-06 10:32:12', '2021-05-06 10:32:12'),
('07782cce5a7f2331371c9e98be87545346c9d2319467406a8a82ed72f9ba104ab97d276cc8bae2c9', 33, 1, 'thebuyin', '[]', 1, '2020-05-06 08:41:45', '2020-05-06 08:41:45', '2021-05-06 08:41:45'),
('0c1fa0ae8e00eb390bcbd3e674ccb698dcf75fba4e7da5326920e0c030662d3fba354ce5fb9f8a65', 47, 1, 'thebuyin', '[]', 0, '2020-05-07 05:26:21', '2020-05-07 05:26:21', '2021-05-07 05:26:21'),
('0dc7bd3b968623fabbe39e3d666cc211e1ef5cb26cac9b511f7b1e694130044ec9d038ff3ce0af10', 23, 1, 'thebuyin', '[]', 0, '2020-05-04 04:23:11', '2020-05-04 04:23:11', '2021-05-04 04:23:11'),
('0ee59a68f804324ba1943b4778595c5b07fd3e84ab0bc92196fe915f9743c9395ee0e413e74c2c52', 21, 1, 'thebuyin', '[]', 1, '2020-05-13 10:58:18', '2020-05-13 10:58:18', '2021-05-13 10:58:18'),
('0f88d8cbdbbfdefcf3e22d50f903ade6128567a2c08e6b7d1b6d8fedc91af648521ec24b199874bb', 63, 1, 'thebuyin', '[]', 0, '2020-05-08 12:48:46', '2020-05-08 12:48:46', '2021-05-08 12:48:46'),
('0ffe61bd12de53ac17d0ff61b58db7c9469e7d1f961f815521f12d50ebf9553ad8d861e623d5577d', 35, 1, 'thebuyin', '[]', 0, '2020-05-07 09:48:04', '2020-05-07 09:48:04', '2021-05-07 09:48:04'),
('1123499c5c5b7bb847b5cf25fe85ebeb0887068b1761939a1f4fc8508c6f3364b3bfcf26cc37e01a', 35, 1, 'thebuyin', '[]', 1, '2020-05-07 04:41:58', '2020-05-07 04:41:58', '2021-05-07 04:41:58'),
('11451baccccc69a4ede3541847a2f740bdb796a3289612f655d8b3be9ed3f386b3d17f07e4ca5600', 36, 1, 'thebuyin', '[]', 1, '2020-05-06 09:14:56', '2020-05-06 09:14:56', '2021-05-06 09:14:56'),
('1536cb30d8bfbf8345c02e072132c1a6bc64fb1e6ba2cea5900d543f3e42117c2fb02e997fd2f21a', 35, 1, 'thebuyin', '[]', 0, '2020-05-07 08:34:26', '2020-05-07 08:34:26', '2021-05-07 08:34:26'),
('1601f0d16621d65b6778cee414c06f9da118c66cc15a256bbebca4b44d8876fbdb5a98326c56c667', 3, 1, 'thebuyin', '[]', 0, '2020-05-01 05:49:52', '2020-05-01 05:49:52', '2021-05-01 05:49:52'),
('16d72cf76b33eef64f003638945e428b186741b1921001fba504108043c98e869219609e59908c51', 65, 1, 'thebuyin', '[]', 1, '2020-05-09 04:51:05', '2020-05-09 04:51:05', '2021-05-09 04:51:05'),
('19756d270208f168d25fe166e9dcf8d2c3bf7dfbf55193e45e018278cfe01babeca847b262c2a28e', 11, 1, 'thebuyin', '[]', 0, '2020-05-01 09:42:30', '2020-05-01 09:42:30', '2021-05-01 09:42:30'),
('1b367ade61b173a8fd7ce3c9f4a9a48752d4ffe2e29b7395944f4adcbbad8331e7c1df4ac0ff1d41', 11, 1, 'thebuyin', '[]', 1, '2020-05-08 04:46:43', '2020-05-08 04:46:43', '2021-05-08 04:46:43'),
('1d972f3eaed2498037400572323b15f68f2f7ba28ddb00441fa5339d561f6f03c7b1385a0b9efcb4', 13, 1, 'thebuyin', '[]', 0, '2020-05-01 09:14:58', '2020-05-01 09:14:58', '2021-05-01 09:14:58'),
('1e5b80585c07b0debaa466239f83debb767430d1905869ef10e578181418d2616d2dc69130ec7e1d', 11, 1, 'thebuyin', '[]', 1, '2020-05-07 04:54:29', '2020-05-07 04:54:29', '2021-05-07 04:54:29'),
('204fc199d263944b86d4d141b576be73f06b471373dc4c58974245cd7ece2f6668680982fb45060a', 20, 1, 'thebuyin', '[]', 0, '2020-05-04 04:16:24', '2020-05-04 04:16:24', '2021-05-04 04:16:24'),
('21442ddcae3dbf1eaeb18b2b90cab9ba72ede0224777047d7f4cc6d36a063b999b31ab89ebd45f4b', 24, 1, 'thebuyin', '[]', 0, '2020-05-13 09:34:43', '2020-05-13 09:34:43', '2021-05-13 09:34:43'),
('21e530b0d8087c589b4a6bde4301dc509bd0f1a75c4a33495d1cb3efe9891258c1fd442a2d65fd3e', 11, 1, 'thebuyin', '[]', 0, '2020-05-01 05:53:39', '2020-05-01 05:53:39', '2021-05-01 05:53:39'),
('24203a4b3680c4795dcb5353b81fd113697b4517d78e6fed067a9cae6b5cf7e02c22d26833e0f8b9', 33, 1, 'thebuyin', '[]', 1, '2020-05-06 08:59:43', '2020-05-06 08:59:43', '2021-05-06 08:59:43'),
('2471185d3078d5dc5fed906c9884be7eeddcf9bdbf21e6db4440acd2d87aaa7c4ba3efd360b701fd', 8, 1, 'thebuyin', '[]', 0, '2020-04-28 08:02:36', '2020-04-28 08:02:36', '2021-04-28 08:02:36'),
('24b680c267fc877845fce6c9c369a632a795a181ee9bcfdf06ee860c27d35f8f1dec547fc7c08baf', 35, 1, 'thebuyin', '[]', 1, '2020-05-07 06:36:25', '2020-05-07 06:36:25', '2021-05-07 06:36:25'),
('24bd051078560f707a5cd7b977742b4d421f58b0d9856ca4e6609b0134db22bb656580ff0116ca80', 33, 1, 'thebuyin', '[]', 1, '2020-05-06 08:57:18', '2020-05-06 08:57:18', '2021-05-06 08:57:18'),
('24be6bb3fc8bc35ead91c47177b38ed73073990a5888834420c8ce9c37023d504e08dbef73e4d343', 62, 1, 'thebuyin', '[]', 0, '2020-05-07 21:10:45', '2020-05-07 21:10:45', '2021-05-07 21:10:45'),
('253e1de8140ccd5c079f4ea26dc53b3fc2fc8c87c4220883ce591a8244bcc253d676be57a94d664c', 33, 1, 'thebuyin', '[]', 1, '2020-05-06 08:58:10', '2020-05-06 08:58:10', '2021-05-06 08:58:10'),
('25fef7480639d26f9fb13b43d56bff310de6c6ab929b6ab2bdd4c66826a3cde16efd7b8cc6621d0c', 44, 1, 'thebuyin', '[]', 0, '2020-05-06 11:44:59', '2020-05-06 11:44:59', '2021-05-06 11:44:59'),
('275de3d5e687c986f62c5c659b0385509dd304068feadb006644f80e0178e0377cc0a8040fdea0ee', 18, 1, 'thebuyin', '[]', 0, '2020-05-04 04:17:35', '2020-05-04 04:17:35', '2021-05-04 04:17:35'),
('299827aee12e750be7ff24578f0722a46b490cadb459474cbf97d1d97ddda3e55dd896826e23bcbd', 9, 1, 'thebuyin', '[]', 0, '2020-05-11 09:22:59', '2020-05-11 09:22:59', '2021-05-11 09:22:59'),
('2b70cfa6089f44a29f1e071290d397820399d3d32ad3032df1535127964b2b9a624925c3dd381a52', 23, 1, 'thebuyin', '[]', 0, '2020-05-04 09:49:58', '2020-05-04 09:49:58', '2021-05-04 09:49:58'),
('2e6ad2826452f8f76b6452f80ea6f0ba8b7dae32203a2e9a5fa431032e06acb43d49812526a5a5d0', 23, 1, 'thebuyin', '[]', 1, '2020-05-04 09:51:26', '2020-05-04 09:51:26', '2021-05-04 09:51:26'),
('2f9b6ea72be63d76988096ff815cb0ad68576398e29d12d38705760b45b56921225caf5cc80ed312', 42, 1, 'thebuyin', '[]', 1, '2020-05-07 04:12:09', '2020-05-07 04:12:09', '2021-05-07 04:12:09'),
('3127fac4f4aa44a51fee6927924ceefa023943c0a16cbaf6744895ec013dd4c1941585d1dae12b52', 11, 1, 'thebuyin', '[]', 1, '2020-05-07 04:31:00', '2020-05-07 04:31:00', '2021-05-07 04:31:00'),
('336eef34872355c3413c36403a8c73232bed7cc25b274fd9d893fa8839a3ec478a81794a68dff473', 34, 1, 'thebuyin', '[]', 0, '2020-05-06 09:11:02', '2020-05-06 09:11:02', '2021-05-06 09:11:02'),
('349c30442e3c2c66bcf93df469a04d21f46cd5276640a68d3b9206de71f80ebfe64ee2923ce2a4be', 66, 1, 'thebuyin', '[]', 0, '2020-05-09 06:16:06', '2020-05-09 06:16:06', '2021-05-09 06:16:06'),
('36d1ce95af054b785638661f387b42890d0521406bcedef5b8d2a1f4c97d396104f4115489d6f5a0', 24, 1, 'thebuyin', '[]', 1, '2020-05-06 06:07:21', '2020-05-06 06:07:21', '2021-05-06 06:07:21'),
('3813c4952d4b177fccdf169d42ed5b8cf253e4a915891b3f65e0a15cff783f1e3ee215bc894d2654', 33, 1, 'thebuyin', '[]', 0, '2020-05-06 08:44:33', '2020-05-06 08:44:33', '2021-05-06 08:44:33'),
('3889d9c1168989d6b6bc6c54776ef01bc5e1d06a61af2f14523b9e3e01d3496fb33bcab454e12bde', 11, 1, 'thebuyin', '[]', 0, '2020-05-01 09:57:14', '2020-05-01 09:57:14', '2021-05-01 09:57:14'),
('39df1d8152139602e773682645350b06ad068cbcdd904a2a2dccc65501e4483ead213b40c7503f87', 8, 1, 'thebuyin', '[]', 1, '2020-05-11 03:50:22', '2020-05-11 03:50:22', '2021-05-11 03:50:22'),
('39f0a8c9cbf6d1018bca1ddf0a06ea72f4446ca267364d169f463b3acf57309ee7326420b6bea82b', 11, 1, 'thebuyin', '[]', 1, '2020-05-06 11:32:09', '2020-05-06 11:32:09', '2021-05-06 11:32:09'),
('3c5f1877fd72edc1b15272c56a0df4852f265b728d80e8b6ee91999374991c067fedeb498bf1808a', 34, 1, 'thebuyin', '[]', 0, '2020-05-07 05:19:10', '2020-05-07 05:19:10', '2021-05-07 05:19:10'),
('3d0bfc0b95018c7493b6788129d7b1a5ed56fde63e25664d19d0ee2c77fe640e34b9858f0754b2e2', 35, 1, 'thebuyin', '[]', 0, '2020-05-07 04:19:46', '2020-05-07 04:19:46', '2021-05-07 04:19:46'),
('3d23a56586489609ef761ebabae3ce5e9ebdee5e8d514f8c0a08295c879856a8513979dc9438e068', 3, 1, 'thebuyin', '[]', 0, '2020-05-05 18:23:39', '2020-05-05 18:23:39', '2021-05-05 18:23:39'),
('3ddaf86c8d49bc2408de7f10b587aa8923a2d290554946e43dcb03a2b15c1941885dce8c9750f5f2', 33, 1, 'thebuyin', '[]', 0, '2020-05-06 08:43:07', '2020-05-06 08:43:07', '2021-05-06 08:43:07'),
('4383a4847a80a4ef7b538e5d0eecff5f62a0e3a8dbbced61228ff8e238275da099d343624d9ee966', 11, 1, 'thebuyin', '[]', 1, '2020-05-07 11:58:45', '2020-05-07 11:58:45', '2021-05-07 11:58:45'),
('43d574423fb53a08d636f2be592e4c1b4c924503d04219bd8b2781241b51a5a52e9b5803ce64e6cd', 27, 1, 'thebuyin', '[]', 1, '2020-05-13 09:54:33', '2020-05-13 09:54:33', '2021-05-13 09:54:33'),
('43de84ebc55cd8de76e8a653161fbb2ee4afd2edb59b8851f0a965cdecd958b850d4dec635f46418', 3, 1, 'thebuyin', '[]', 0, '2020-05-07 07:05:32', '2020-05-07 07:05:32', '2021-05-07 07:05:32'),
('4498b3b2c7fa640196e211d2192f1d834900f6c9f78fea017cece5e9bbab5613c5286d8ab70b3424', 14, 1, 'thebuyin', '[]', 1, '2020-05-13 07:26:39', '2020-05-13 07:26:39', '2021-05-13 07:26:39'),
('46f75afea59e9374e31af0cb3ee7eb30656ec1a46c0dae0e8cc7df8b9920384e48861f22dda3761b', 62, 1, 'thebuyin', '[]', 0, '2020-05-07 21:11:17', '2020-05-07 21:11:17', '2021-05-07 21:11:17'),
('4716147fd90e3a4b980d36141517d234cd95371c4723e6e6600433ca2d104a259ffb6b4f85bd0e5f', 8, 1, 'thebuyin', '[]', 1, '2020-05-11 08:48:10', '2020-05-11 08:48:10', '2021-05-11 08:48:10'),
('4a9213757845cf3cf85a1801a9856673c3d9cb69a3e53afa6e0b2cc88d6297b6c51d6baf3d2d56e1', 3, 1, 'thebuyin', '[]', 0, '2020-05-06 16:51:00', '2020-05-06 16:51:00', '2021-05-06 16:51:00'),
('4d83cb87306faaa82201a836d1b1fad1c5f03323a6d48a8ceffa22115b7c82047ebd3e9a91467005', 11, 1, 'thebuyin', '[]', 1, '2020-05-08 06:10:48', '2020-05-08 06:10:48', '2021-05-08 06:10:48'),
('4f718a9351ae7042cfd8a09e9e379e534cc42aa4ef2b22a47d73c10ca15e8fca17ec77d7f09377c4', 11, 1, 'thebuyin', '[]', 1, '2020-05-04 10:17:53', '2020-05-04 10:17:53', '2021-05-04 10:17:53'),
('506d21128f27743c058333ba4b3421f12db9143008ac86ec4a8efb109fb03c7af3965a423ae10575', 11, 1, 'thebuyin', '[]', 1, '2020-05-08 05:26:41', '2020-05-08 05:26:41', '2021-05-08 05:26:41'),
('5122610c6bde54d277ef7e04a86b3e6a9486c71a8acf2b0af1689befc94298040b330dbfabedf449', 29, 1, 'thebuyin', '[]', 0, '2020-05-13 12:11:38', '2020-05-13 12:11:38', '2021-05-13 12:11:38'),
('512df7682b2ffb25f842155663e7f0bdebf13bcb9908663320929389b985433908dd0959e006c2f0', 3, 1, 'thebuyin', '[]', 0, '2020-04-30 04:41:37', '2020-04-30 04:41:37', '2021-04-30 04:41:37'),
('524d73d81d12b6383c204f27ab57d1b002ad74c1d11f1943666ca91357c9a979cf2fa8d6f6adadc7', 3, 1, 'thebuyin', '[]', 0, '2020-04-28 20:56:01', '2020-04-28 20:56:01', '2021-04-28 20:56:01'),
('541bd483c1e3adb45dd023d10a7441bbe47761a326017bf5b4821b886218e3e918ad4371373eef2e', 50, 1, 'thebuyin', '[]', 0, '2020-05-07 11:30:24', '2020-05-07 11:30:24', '2021-05-07 11:30:24'),
('5480ef9985b70ddd3b4342a5bd2d41465047b5f927a51bc0c9d46b4ce07351df3e20abf965af5c09', 6, 1, 'thebuyin', '[]', 0, '2020-05-09 10:26:30', '2020-05-09 10:26:30', '2021-05-09 10:26:30'),
('55c88da266d80001afade89ac6c4929d00547558fc40bd9e81dfb33deff49113d9c09f2b1846e460', 23, 1, 'thebuyin', '[]', 1, '2020-05-04 09:52:29', '2020-05-04 09:52:29', '2021-05-04 09:52:29'),
('55d52edde13eaba6d769f073358beee23d32a1aeb1f31b559b0c83e5896b4486fe69b2daea061a82', 16, 1, 'thebuyin', '[]', 0, '2020-05-01 12:01:59', '2020-05-01 12:01:59', '2021-05-01 12:01:59'),
('579a90ca7df3a8187262b9ef3dd9c23c376642eee4469dfd59494716cc608d5f22fb279a0b2ca4ba', 35, 1, 'thebuyin', '[]', 0, '2020-05-07 07:02:52', '2020-05-07 07:02:52', '2021-05-07 07:02:52'),
('5871c7e586f4b0267041c0150b1def199a0b503b5cb6161e794b6ab86aeb193f6f192aadf92c0d59', 11, 1, 'thebuyin', '[]', 1, '2020-05-09 04:49:47', '2020-05-09 04:49:47', '2021-05-09 04:49:47'),
('5924e6e5ee7fac611e29d4708a3c0b1c0a3f1f7de61f7564d1225c76c5d6d4271ea3ac2e9af898a3', 35, 1, 'thebuyin', '[]', 1, '2020-05-07 06:37:37', '2020-05-07 06:37:37', '2021-05-07 06:37:37'),
('5e5d1d9e5c1901ca775fb0598491040ee9897760306fce35920a19db9333a1d65880b7c979e7edaa', 11, 1, 'thebuyin', '[]', 1, '2020-05-06 04:11:51', '2020-05-06 04:11:51', '2021-05-06 04:11:51'),
('616e993ee5fffe20ca6152f7cbb4a4a0dd28882dcb62f203429964e957b27a5da8c841062e19c261', 11, 1, 'thebuyin', '[]', 1, '2020-05-06 07:14:04', '2020-05-06 07:14:04', '2021-05-06 07:14:04'),
('620962fc0dc14e8afab6b467272380a2f9dee13ec8000452f255e9c32c98e0c52fca691ff08c5947', 9, 1, 'thebuyin', '[]', 1, '2020-05-11 03:52:48', '2020-05-11 03:52:48', '2021-05-11 03:52:48'),
('62d7f36461ae1a9fddb2b934434043c5a563856761b929f3a86f7efe72f7718afd25ede30437e57d', 20, 1, 'thebuyin', '[]', 0, '2020-05-13 09:21:49', '2020-05-13 09:21:49', '2021-05-13 09:21:49'),
('63e651ccf68ed9a3cf3f5fff124c56be2de63701ab2a52d25fdfa93d52401b02394ad64fb4ef57e2', 11, 1, 'thebuyin', '[]', 1, '2020-05-08 06:18:44', '2020-05-08 06:18:44', '2021-05-08 06:18:44'),
('646d47e26ab1d097c935c151baa721fa619c8c202eddef3912f0d6d4ac3c9370b5a9e25aa5d1f1e7', 2, 1, 'thebuyin', '[]', 0, '2020-05-13 09:46:35', '2020-05-13 09:46:35', '2021-05-13 09:46:35'),
('65f657544de15df21802908623a5bcaa9ddfe6f58efa05d00e17024e4b84209f226fa8862bab893d', 33, 1, 'thebuyin', '[]', 0, '2020-05-06 08:50:10', '2020-05-06 08:50:10', '2021-05-06 08:50:10'),
('66508e601061fd6a545c784282b63f35be32efc9ef667e5a768d818c0e590dac7155d88c2baa9d54', 16, 1, 'thebuyin', '[]', 0, '2020-05-13 08:59:02', '2020-05-13 08:59:02', '2021-05-13 08:59:02'),
('685f5bf95dce5e7e36ff579303e7cdb98a25cd99fdb06e5acab4b91d070a785ee57dd91c6675c802', 22, 1, 'thebuyin', '[]', 0, '2020-05-13 09:30:54', '2020-05-13 09:30:54', '2021-05-13 09:30:54'),
('687f9cba10c71375101347aa90fc329edd1e9464d343943c82e6af8701426dec8d9cb3ee7241283d', 35, 1, 'thebuyin', '[]', 1, '2020-05-07 07:25:08', '2020-05-07 07:25:08', '2021-05-07 07:25:08'),
('6a7c53fc8cc1dcbee9143b6b7bda6bc784defe52d0d5196bdb3f9c129153a9a64d421b06cdf0a83d', 3, 1, 'thebuyin', '[]', 0, '2020-05-05 06:34:50', '2020-05-05 06:34:50', '2021-05-05 06:34:50'),
('6b5c2defe3b8fe04edb7d48c2b381a50cbf0f3c6106562a07f947a5c327b1d0f4077f1f1522d1e00', 35, 1, 'thebuyin', '[]', 1, '2020-05-07 05:19:45', '2020-05-07 05:19:45', '2021-05-07 05:19:45'),
('6b8860d47e8bb45e5761eb143f458691470ea24cc7a0b8e4fb62d194e642a72d0d46f8b7fe618447', 5, 1, 'thebuyin', '[]', 0, '2020-05-15 05:06:25', '2020-05-15 05:06:25', '2021-05-15 05:06:25'),
('6b98ddb65e4677891367c271999ae3d1558064365ba9a02d459a22d567d9b0a45244f4966edef6b2', 8, 1, 'thebuyin', '[]', 0, '2020-04-28 08:03:10', '2020-04-28 08:03:10', '2021-04-28 08:03:10'),
('6cfec635e1ec75ad2707d7c7a96e1b36d831beba73360c90a234e4fdeb12c82967750f5c34982b31', 3, 1, 'thebuyin', '[]', 0, '2020-05-08 16:20:17', '2020-05-08 16:20:17', '2021-05-08 16:20:17'),
('6ecf370fab667bb768eeac0c11778cb69622abc8cee11ad8846057e47374174115d927d58a51acb3', 11, 1, 'thebuyin', '[]', 1, '2020-05-08 06:16:14', '2020-05-08 06:16:14', '2021-05-08 06:16:14'),
('6ee01869416f1486d56ac049107a2c2f2f96dc4465826b7bc5c77bfb95b1c9e06fe05a87cb6296e8', 11, 1, 'thebuyin', '[]', 1, '2020-05-08 06:15:30', '2020-05-08 06:15:30', '2021-05-08 06:15:30'),
('70c2cf3eff9b34f729be888ea9ed8c25a775eb35768eaef0d922f83891eff3d24d3d6d239b5e0fe3', 35, 1, 'thebuyin', '[]', 1, '2020-05-07 07:41:37', '2020-05-07 07:41:37', '2021-05-07 07:41:37'),
('70dd37816764405ce103bccc014724ccee6ce50c1a5ce32d545a17ddcad796a925ef731863b13e6f', 19, 1, 'thebuyin', '[]', 0, '2020-05-04 04:17:59', '2020-05-04 04:17:59', '2021-05-04 04:17:59'),
('714496832d33cd17eb60b359a78ca4bda1b6afa4a74572bd161f0f85bb8aee24793d0999b12aa524', 60, 1, 'thebuyin', '[]', 0, '2020-05-07 13:29:12', '2020-05-07 13:29:12', '2021-05-07 13:29:12'),
('73830e691f1c8931fab71b69fda8859a8e6b3d368eb25064496b4a19b1cd38e5faba7c25fbad2467', 19, 1, 'thebuyin', '[]', 0, '2020-05-13 09:21:03', '2020-05-13 09:21:03', '2021-05-13 09:21:03'),
('759fba50803e6660bdf0a0e6c83c14a38bc37230c5a5ca348ee299f42979d52208a8eee67e6eade2', 42, 1, 'thebuyin', '[]', 1, '2020-05-07 06:42:16', '2020-05-07 06:42:16', '2021-05-07 06:42:16'),
('771566bc1e6b7ac21dc44599ca3e23f36ee72909d7857299ea7c035575d8f738d93f6c2959797be0', 62, 1, 'thebuyin', '[]', 0, '2020-05-07 21:11:48', '2020-05-07 21:11:48', '2021-05-07 21:11:48'),
('7796a386e8c66068c54665af8aa3700655c6e1f23d686a69e577c01feb511f86e3648d39d16391a4', 23, 1, 'thebuyin', '[]', 0, '2020-05-04 04:19:03', '2020-05-04 04:19:03', '2021-05-04 04:19:03'),
('7a4713b35ab3f7b0eb1c51984c45238e84bcb42461f8ed93a5e7b99a8dfc5b534dda0b0ee57afeb9', 36, 1, 'thebuyin', '[]', 1, '2020-05-06 09:28:25', '2020-05-06 09:28:25', '2021-05-06 09:28:25'),
('7ba9cfaa4f8e233ec3998bb2d052c88e390246a2f707633cdea4fbae93495dc2b901563f282af8c5', 8, 1, 'thebuyin', '[]', 0, '2020-05-11 09:17:45', '2020-05-11 09:17:45', '2021-05-11 09:17:45'),
('7c351cd66992b874b0f9ab1a7ec446db6f38d1f04941263e1df6ca5f4128aba204db7ccf6c3d2142', 36, 1, 'thebuyin', '[]', 1, '2020-05-07 04:04:22', '2020-05-07 04:04:22', '2021-05-07 04:04:22'),
('7d66026912383b421df5a1604dc22af5cb877190e09d73219f9500d618f6aedaff97b87818e5401e', 17, 1, 'thebuyin', '[]', 0, '2020-05-13 08:55:05', '2020-05-13 08:55:05', '2021-05-13 08:55:05'),
('7e49619187ff3e2d410c209d73d54cbdf2ae12c5d0f8f3e36bd20fbe1b4f37862789cbf0117de673', 9, 1, 'thebuyin', '[]', 1, '2020-05-11 04:43:49', '2020-05-11 04:43:49', '2021-05-11 04:43:49'),
('7e79a6560836f651438adcb9739e3bc1ad74756757b87f637919bd17bffcad52223a77481751ea71', 22, 1, 'thebuyin', '[]', 0, '2020-05-01 12:26:29', '2020-05-01 12:26:29', '2021-05-01 12:26:29'),
('8118a1299c4a3fb823543d1de985ed5dbc450f0bc74984ba0ba202fb4947aabba3478d44a93ba179', 4, 1, 'thebuyin', '[]', 0, '2020-05-06 16:34:29', '2020-05-06 16:34:29', '2021-05-06 16:34:29'),
('86fba310c6ca415b51a7ac7c1ddc095ea60766108cba3492ba24e5083ad7320d440997375064c026', 42, 1, 'thebuyin', '[]', 1, '2020-05-07 05:31:31', '2020-05-07 05:31:31', '2021-05-07 05:31:31'),
('8792b6892b8f778d45aac70604aa8de29aae2b78e9293dda37e86749cabb6ad165d0ff2b37d2ed80', 36, 1, 'thebuyin', '[]', 1, '2020-05-06 09:32:37', '2020-05-06 09:32:37', '2021-05-06 09:32:37'),
('87a4b2cd5d8570edb193a9cef781988f6d99b7207e9736b2dd55f520d0b59a30a30146923a249ea2', 7, 1, 'thebuyin', '[]', 1, '2020-05-14 12:13:09', '2020-05-14 12:13:09', '2021-05-14 12:13:09'),
('8b45e84a3cf187c8f614a00362ddbe6a025baaa8f48bb36591ff79ba83743998560d3c348c375ba8', 4, 1, 'thebuyin', '[]', 1, '2020-05-08 16:13:28', '2020-05-08 16:13:28', '2021-05-08 16:13:28'),
('8cd66bcd6ca9b7ee0154c4cfe3dd34ba00ddadd543fbc902802093e44d6e655fc920b830a7f4e40f', 36, 1, 'thebuyin', '[]', 1, '2020-05-06 09:37:04', '2020-05-06 09:37:04', '2021-05-06 09:37:04'),
('8de935452f08e83946f337ae8d883b2904c70baef9103db3d36c4645e78b9685ade20fb600c40a82', 35, 1, 'thebuyin', '[]', 1, '2020-05-07 07:09:41', '2020-05-07 07:09:41', '2021-05-07 07:09:41'),
('8fee73ce6a4ea65d806b05718dd3b376a17054fed391ee194234aa53a8268a1c9a55997430256404', 47, 1, 'thebuyin', '[]', 0, '2020-05-07 06:48:54', '2020-05-07 06:48:54', '2021-05-07 06:48:54'),
('905c957be1bbbf0e97bb64d447f0fd3687f95415f06fd8a7b1cd77e48d568871c3cecc809389a3be', 23, 1, 'thebuyin', '[]', 0, '2020-05-01 13:17:40', '2020-05-01 13:17:40', '2021-05-01 13:17:40'),
('90c7568fba262527a8664c690685db140662cc5bbc4045c249526fd8a2acb59711c4ec08072d12df', 35, 1, 'thebuyin', '[]', 1, '2020-05-06 09:12:59', '2020-05-06 09:12:59', '2021-05-06 09:12:59'),
('933607e2b439ab7f09178307cb990175c5e1c737ee632898bdb71e2dd2a8a2e34378021348c2f423', 48, 1, 'thebuyin', '[]', 0, '2020-05-07 11:04:29', '2020-05-07 11:04:29', '2021-05-07 11:04:29'),
('93e7b06ad8f54aa1edf4b70ff93a5a90f3785598eb8b4b517a4d384a6cb055a945beae10796e246a', 11, 1, 'thebuyin', '[]', 1, '2020-05-01 10:07:11', '2020-05-01 10:07:11', '2021-05-01 10:07:11'),
('945480957d59908f29bbfacb4ff88d2940abc8207cc232dbba482885dd434f60b90966f5e021253b', 15, 1, 'thebuyin', '[]', 1, '2020-05-13 11:46:26', '2020-05-13 11:46:26', '2021-05-13 11:46:26'),
('960ddfd0dd55d6167c60e0992d83a0593bdca068e038f85d454ffc65e42731b5ae6b8e72181d3c1c', 36, 1, 'thebuyin', '[]', 1, '2020-05-06 09:17:05', '2020-05-06 09:17:05', '2021-05-06 09:17:05'),
('973a78481fdba173b12e133db2dd33cf76e6104589561b2f8cfd15cdb568a0b8c04756614d29cf5f', 11, 1, 'thebuyin', '[]', 1, '2020-05-07 05:47:12', '2020-05-07 05:47:12', '2021-05-07 05:47:12'),
('97e262d7a9cefe710c092830e16f87d380804a465ca43a6c611cfe43b80f0a7306ff91d8ac6a17bd', 18, 1, 'thebuyin', '[]', 0, '2020-05-06 09:09:45', '2020-05-06 09:09:45', '2021-05-06 09:09:45'),
('99b8f033ffb555b481155be85583123783721f50001e8f33897f1e88cdcbf00b8e5bc7468357e39d', 35, 1, 'thebuyin', '[]', 1, '2020-05-07 04:38:40', '2020-05-07 04:38:40', '2021-05-07 04:38:40'),
('99d2f2e586cb6c385407dae676177d8945796087e5e3aa61901b69165cc2d83da2d04e46e0e13038', 35, 1, 'thebuyin', '[]', 1, '2020-05-07 06:56:36', '2020-05-07 06:56:36', '2021-05-07 06:56:36'),
('9dd65790ee67348c3a105e71573af50087468eb9a7bc110fc2d346fcd2e15c4d40b321cfbc30e648', 11, 1, 'thebuyin', '[]', 0, '2020-05-13 05:06:11', '2020-05-13 05:06:11', '2021-05-13 05:06:11'),
('9e07cef7a459378b135a7bf5b8a5f3b785cbe7e78a385383bbeb212054af75bf1a96f2047ea586f7', 23, 1, 'thebuyin', '[]', 0, '2020-05-04 09:50:31', '2020-05-04 09:50:31', '2021-05-04 09:50:31'),
('a056a6fce5fce7e1d2eb3a3b869dd4bde3f25bbe722f563b5292519044ac63a8f3e18f92bcb22dae', 61, 1, 'thebuyin', '[]', 0, '2020-05-07 13:39:17', '2020-05-07 13:39:17', '2021-05-07 13:39:17'),
('a0b4caaf58d653d636f6c011d4f29aebc0f1efad029a4977f220785f7712901fc96adf38c29138ac', 11, 1, 'thebuyin', '[]', 1, '2020-05-07 11:13:37', '2020-05-07 11:13:37', '2021-05-07 11:13:37'),
('a12104c2d9ab4b3dad0d4ae1db3e73372687c9431b580ad7e13092ed88b6cfce7eaa27f309531262', 11, 1, 'thebuyin', '[]', 1, '2020-05-06 11:22:49', '2020-05-06 11:22:49', '2021-05-06 11:22:49'),
('a2f242b3870ab67137a1d3946f817929e5ba56ac0afc67701d3e2d083bed2f0754e9829328c04b1e', 3, 1, 'thebuyin', '[]', 0, '2020-04-30 06:15:07', '2020-04-30 06:15:07', '2021-04-30 06:15:07'),
('a4672cb51793a8bbb7f31a9e74c918bf2de39b072c77ea85bae107a01478b0152ca42cb54de8d57b', 35, 1, 'thebuyin', '[]', 1, '2020-05-07 07:03:30', '2020-05-07 07:03:30', '2021-05-07 07:03:30'),
('a747b872cb3b63bbdd9ec87196c7594bd8dd1effcc501e8a7aaafd06951258d6538dea1226db5e76', 35, 1, 'thebuyin', '[]', 1, '2020-05-07 07:08:41', '2020-05-07 07:08:41', '2021-05-07 07:08:41'),
('a797784b105e0ce7fa0778a13dccc279c9b90948ea1b961e6ad9d3bf49a0468fb0c83ea8c66e4b1b', 33, 1, 'thebuyin', '[]', 0, '2020-05-06 08:42:23', '2020-05-06 08:42:23', '2021-05-06 08:42:23'),
('a9f5ef4ee4db2e42c3397dbf1f39160c4470693afec399e987083e0a173369f2e7d569b0ade67127', 16, 1, 'thebuyin', '[]', 0, '2020-05-13 09:01:50', '2020-05-13 09:01:50', '2021-05-13 09:01:50'),
('aaac8ff8810654d4beb6b98aaf6e1b2a3239f6030ad2a32fdf52dd4c0b474636a2af0c6a55ca6a7a', 3, 1, 'thebuyin', '[]', 0, '2020-05-08 18:40:07', '2020-05-08 18:40:07', '2021-05-08 18:40:07'),
('ac0d014a825e9d8e67365e0e65b624ecdb4ff7d7199ca91a682181ab4087d7a1a847d0911ef05632', 23, 1, 'thebuyin', '[]', 0, '2020-05-04 04:18:07', '2020-05-04 04:18:07', '2021-05-04 04:18:07'),
('ac15d52c1ae75bf20293b1804a66017d42dd5331f57bb1cedac11561040909c2fae16e0a98223b09', 11, 1, 'thebuyin', '[]', 1, '2020-05-06 07:44:13', '2020-05-06 07:44:13', '2021-05-06 07:44:13'),
('ae0e85c50fc35385e150b1f4b9bd43bf46c5b4416274431590e4fd5953035ebf3dcea99153c4d185', 36, 1, 'thebuyin', '[]', 1, '2020-05-06 09:29:50', '2020-05-06 09:29:50', '2021-05-06 09:29:50'),
('aea9f8504a18f55a6c5a410c70e386192632f060e33e70c3f5f525b389d2e4bcdb1cd4ee5a8bc16b', 11, 1, 'thebuyin', '[]', 0, '2020-05-09 05:16:36', '2020-05-09 05:16:36', '2021-05-09 05:16:36'),
('b0ad2f2bdbeb7e510e359479ef1c1a4b42b318b8e4a7b730b1da5fa2756bd1ab161d07944ad85866', 23, 1, 'thebuyin', '[]', 0, '2020-05-04 04:22:03', '2020-05-04 04:22:03', '2021-05-04 04:22:03'),
('b4317125e876a6eabb6945afe0ce0ded2bd43749b9c72c04f8d1b577f88efb6944d4e0144e874093', 3, 1, 'thebuyin', '[]', 0, '2020-05-06 16:33:59', '2020-05-06 16:33:59', '2021-05-06 16:33:59'),
('b4a933d756704f7c75b05834212242287482359ead116bd3bb19a8fe014c658ba740dbc448d93329', 3, 1, 'thebuyin', '[]', 0, '2020-04-28 20:57:41', '2020-04-28 20:57:41', '2021-04-28 20:57:41'),
('b5b33b550ac281a9f566406939d2ae30964a93ad542afc835b10b22bc576a9d48afb6ff5735f316e', 11, 1, 'thebuyin', '[]', 0, '2020-05-01 05:50:32', '2020-05-01 05:50:32', '2021-05-01 05:50:32'),
('b827443234c14f12dd8d2848f8fbada51dfc3585d5fda1db04bbd4d825f0d02d045ceb989d4e7afa', 35, 1, 'thebuyin', '[]', 1, '2020-05-07 05:24:08', '2020-05-07 05:24:08', '2021-05-07 05:24:08'),
('ba1d5aa43533646ca48974b021ff4c696e3891561be2a33de67a22a5eddd61eeb9b60ee8d7e2d0c5', 8, 1, 'thebuyin', '[]', 1, '2020-05-11 04:41:02', '2020-05-11 04:41:02', '2021-05-11 04:41:02'),
('bd399246a3f3703d404e12a5c1a8d7b16ba1be9b37ede2178c5fa1407c1eb6e4fd6373f3b49b5dbb', 35, 1, 'thebuyin', '[]', 1, '2020-05-07 07:34:36', '2020-05-07 07:34:36', '2021-05-07 07:34:36'),
('bd4867c9d3a02977bf85fa1a33477c75c60fb84675499179723e3e87e2911a0c24fd969f9b357d9c', 47, 1, 'thebuyin', '[]', 0, '2020-05-07 07:40:10', '2020-05-07 07:40:10', '2021-05-07 07:40:10'),
('bdafa12b93e0ffc88d3552c400f7dff98637895e8cc5e8f3c07b085b22b08080ada85ef3fde23190', 3, 1, 'thebuyin', '[]', 0, '2020-04-26 08:00:17', '2020-04-26 08:00:17', '2021-04-26 13:30:17'),
('c03f3221d09e82cf3807f872e5648a4b02d90e1a46de7f9cef59b886596a908f4e9162496e907ff3', 11, 1, 'thebuyin', '[]', 1, '2020-05-05 11:16:24', '2020-05-05 11:16:24', '2021-05-05 11:16:24'),
('c1cd9a0af2118cd248c235a679a5fd2b820187c59e1666379521f2977666eb37e466e89269108c55', 3, 1, 'thebuyin', '[]', 0, '2020-05-01 05:45:48', '2020-05-01 05:45:48', '2021-05-01 05:45:48'),
('c54b155c17a5f3894468d554ee80182cac279663500e129c4b7a06f418c376f02a9f683d59920979', 31, 1, 'thebuyin', '[]', 0, '2020-05-15 05:06:06', '2020-05-15 05:06:06', '2021-05-15 05:06:06'),
('c5f2e13346434789a14cbcb219e4634a4f18da9892347fa62963ae60323193346f7be992ebce8f31', 12, 1, 'thebuyin', '[]', 0, '2020-05-14 12:41:44', '2020-05-14 12:41:44', '2021-05-14 12:41:44'),
('c65c91e13d689d1a2c43272b94e1f7bd431ff585d1b49175a3e2796d505dcaf7b62dd7daaed44a4b', 35, 1, 'thebuyin', '[]', 0, '2020-05-07 05:18:37', '2020-05-07 05:18:37', '2021-05-07 05:18:37'),
('c6d1d1e70b26abd4a534371575c0b0e9da6d39a8614fa0ec1f60a67c0d05e0de5f590e6dc187eb27', 16, 1, 'thebuyin', '[]', 0, '2020-05-13 08:54:03', '2020-05-13 08:54:03', '2021-05-13 08:54:03'),
('ca40a626fa1a3e5f2fe65db78ec27adacac64db6b97da3c43e92e2dfae81974110a4a5143367b1fc', 42, 1, 'thebuyin', '[]', 1, '2020-05-08 05:26:17', '2020-05-08 05:26:17', '2021-05-08 05:26:17'),
('caf39e808e3ddc1c079a1fa686ab8635c0db2de3622e85a090c9ef17f79aec6a302d227809c71175', 19, 1, 'thebuyin', '[]', 0, '2020-05-01 12:20:16', '2020-05-01 12:20:16', '2021-05-01 12:20:16'),
('cea2cbcc620a82f5e7fec74e821d559f5f05d0c80c960523be3258fef451a71bd84e348fa593b522', 45, 1, 'thebuyin', '[]', 0, '2020-05-08 04:52:10', '2020-05-08 04:52:10', '2021-05-08 04:52:10'),
('d19aa3fcf37c5c600665a3ad991ad1a20ad14f63baaaef15e5ed6e8a9d1cac698f5094d3d332635c', 35, 1, 'thebuyin', '[]', 1, '2020-05-07 06:53:22', '2020-05-07 06:53:22', '2021-05-07 06:53:22'),
('d1bc10f946ba2958da26ff45e284728673895f5a652deac3ad1b93b5e8210648bc6a9438ad2c7262', 35, 1, 'thebuyin', '[]', 1, '2020-05-07 07:33:27', '2020-05-07 07:33:27', '2021-05-07 07:33:27'),
('d24d854ecbd175f5e3cfefe75aa42a37df6920fd8c342f5622e777af43fd975d8e9645bb5f258940', 64, 1, 'thebuyin', '[]', 0, '2020-05-08 13:04:08', '2020-05-08 13:04:08', '2021-05-08 13:04:08'),
('d2f5a8089ee2ea7425cf91ff54be92db8d538fbbb7c5e1f6d6fdc3e1c6907aaa241ae91a068cfe38', 3, 1, 'thebuyin', '[]', 0, '2020-05-06 06:13:23', '2020-05-06 06:13:23', '2021-05-06 06:13:23'),
('d43170229ecb1a1ad33efbfb5b196fb2a87bc4ef9cbd560462e87f40dc2abc6c42f2f37b5c5634dd', 14, 1, 'thebuyin', '[]', 0, '2020-05-01 09:30:33', '2020-05-01 09:30:33', '2021-05-01 09:30:33'),
('d5c3a2d464048f86df940005aeff4f2eb853dc7eee263bf69bdb33efc578cabbbc8ea6039e5e0144', 4, 1, 'thebuyin', '[]', 0, '2020-05-08 18:45:07', '2020-05-08 18:45:07', '2021-05-08 18:45:07'),
('d69b3d8ba44edd3efdc68285bb4a31e1a41a2d2f29e44e79d8e067e7f363a31f86c46a3fec5d46e3', 3, 1, 'thebuyin', '[]', 0, '2020-05-05 07:29:13', '2020-05-05 07:29:13', '2021-05-05 07:29:13'),
('d6e2bb8abdf75485ec554caa4a34fdb009b5ef3e653aa0b0fac268611f9320619f98119a277207d5', 9, 1, 'thebuyin', '[]', 0, '2020-05-11 09:02:34', '2020-05-11 09:02:34', '2021-05-11 09:02:34'),
('d8835a6db2b2847b67caaf6827856608710aaff675d56f8b273f6cd2c9ddd6f9751fd93a3dc51297', 11, 1, 'thebuyin', '[]', 1, '2020-05-06 05:15:30', '2020-05-06 05:15:30', '2021-05-06 05:15:30'),
('da3059398f1a35d107a00910d4d7c24c524e1833bb531579fe8bfec444dd236aec55ba8e3743aaa3', 11, 1, 'thebuyin', '[]', 1, '2020-05-13 05:12:55', '2020-05-13 05:12:55', '2021-05-13 05:12:55'),
('dcfa96c0bdd085b02a8fd71eb5e1883c30e2c50b917c154cb2859aa814e6be3a99efc3413b43d3f3', 24, 1, 'thebuyin', '[]', 1, '2020-05-05 10:20:55', '2020-05-05 10:20:55', '2021-05-05 10:20:55'),
('dd0cdd97b7817be6eb48040bcbce933243dbbd0c4bae4d1243647d2ccfcbd8635f418982ce96b15d', 24, 1, 'thebuyin', '[]', 1, '2020-05-05 11:16:48', '2020-05-05 11:16:48', '2021-05-05 11:16:48'),
('de867171fe62f2dbe5a9d58ed89af2a83eb3ddab6c04dbe775372fff57178e024b539d9319430f50', 36, 1, 'thebuyin', '[]', 1, '2020-05-06 09:34:08', '2020-05-06 09:34:08', '2021-05-06 09:34:08'),
('df06b3a27d678cff6b5850bb38ff24e506f5713a7a65e921f735d05d594288ad6b83c7451e306b5b', 4, 1, 'thebuyin', '[]', 0, '2020-05-08 18:51:20', '2020-05-08 18:51:20', '2021-05-08 18:51:20'),
('df143cd923783928da0100e5c53d7bf0a9ca523e030589f74379775163a171e36663f155ce6212e8', 25, 1, 'thebuyin', '[]', 1, '2020-05-13 09:36:18', '2020-05-13 09:36:18', '2021-05-13 09:36:18'),
('e249e741e5b577b7cb6dcb9fac35319170f05e897fa034a69fb8a9c5ad3fe60e989297858194d407', 11, 1, 'thebuyin', '[]', 0, '2020-05-08 06:03:09', '2020-05-08 06:03:09', '2021-05-08 06:03:09'),
('e2a8bf200963dc1f3f298be58b625968c8add35d6cef7e1655a9fc681be004ad9e756217b2360b07', 20, 1, 'thebuyin', '[]', 0, '2020-05-01 12:22:51', '2020-05-01 12:22:51', '2021-05-01 12:22:51'),
('e3f54d4a47dcd97c4be5519a12e4f2b93b8ca4f868317b61f923a2d2dd63e7e7d193338aba321e80', 3, 1, 'thebuyin', '[]', 0, '2020-05-04 19:25:51', '2020-05-04 19:25:51', '2021-05-04 19:25:51'),
('e5761babaaac4575044abcc10b9332f6b0d43066c709d6b07bc1cae46c130f580a9cc4b09d9dcc81', 36, 1, 'thebuyin', '[]', 1, '2020-05-06 09:15:45', '2020-05-06 09:15:45', '2021-05-06 09:15:45'),
('e5e17b23ed6903ad22e1bc3029d423e9bce0d3b7ad2e9603d059a976edce518fb2b5dc5d45ba0639', 9, 1, 'thebuyin', '[]', 0, '2020-05-11 09:16:02', '2020-05-11 09:16:02', '2021-05-11 09:16:02'),
('e641b95d42c15234cf557425df3c566f18515921b20534200a0b4c13e182e616838927bb6466aa7a', 42, 1, 'thebuyin', '[]', 1, '2020-05-07 04:39:33', '2020-05-07 04:39:33', '2021-05-07 04:39:33'),
('e671fdc5e10423c902c6b42c8453cb0320780c914eed09605a65f3da35680756a934db5c605ad55c', 30, 1, 'thebuyin', '[]', 0, '2020-05-14 12:47:00', '2020-05-14 12:47:00', '2021-05-14 12:47:00'),
('e710a0a13f9ae730862a9c208f94dd47d68852d642068ad2c696519c8f163f98b05770651e9264b7', 10, 1, 'thebuyin', '[]', 0, '2020-05-14 12:47:59', '2020-05-14 12:47:59', '2021-05-14 12:47:59'),
('e7df839ecd8a6aabfc81e3010c34356ab4fa22ec3465108e86c76d38c81da49005850ad0ea092f96', 23, 1, 'thebuyin', '[]', 0, '2020-05-13 09:34:05', '2020-05-13 09:34:05', '2021-05-13 09:34:05'),
('e853eef9f3f5a5b67e9a00d5ad6adaa91657b048cd827d53b09299c63f57a69362067c6528b106e4', 11, 1, 'thebuyin', '[]', 1, '2020-05-04 06:06:28', '2020-05-04 06:06:28', '2021-05-04 06:06:28'),
('e8612975c62676038bd8caf7f8fd41f7f23e455434b57d72ecb402436f2a9a2b408b9981d04ee7fa', 35, 1, 'thebuyin', '[]', 0, '2020-05-07 04:19:10', '2020-05-07 04:19:10', '2021-05-07 04:19:10'),
('e8849ad24f061e76abe20e03c8bf529bc2d079f808ec45ac83abc266a3fd167022a33810d6d34722', 18, 1, 'thebuyin', '[]', 0, '2020-05-01 12:19:26', '2020-05-01 12:19:26', '2021-05-01 12:19:26'),
('e9810e51bfdd8f134599b022f87a392d2245e62b832a3fc727e6e9c3326e69d1fb3ccf6decc036a5', 23, 1, 'thebuyin', '[]', 1, '2020-05-04 07:28:06', '2020-05-04 07:28:06', '2021-05-04 07:28:06'),
('eab6ba4421bab319ada41b77fd5060b76f001a8d94875b631b917df865a98906e2e4609ae2c54c07', 35, 1, 'thebuyin', '[]', 1, '2020-05-06 09:48:24', '2020-05-06 09:48:24', '2021-05-06 09:48:24'),
('ee22043cf1e6dc92495c4325d777128c88b27937f475313961df999140cc5d1f265d6838e09aa096', 42, 1, 'thebuyin', '[]', 1, '2020-05-07 06:55:58', '2020-05-07 06:55:58', '2021-05-07 06:55:58'),
('f1e1ae758380417275d72943c98f227aab9e03df7badec531e5096d6ab1c6c3d5115fc7a408d2d7e', 43, 1, 'thebuyin', '[]', 1, '2020-05-06 11:40:53', '2020-05-06 11:40:53', '2021-05-06 11:40:53'),
('f230fc2ce05159bb438c3f6ba7a8bcf5ef22d9451059f24bb0067699f1b98132949a497fa30405a4', 3, 1, 'thebuyin', '[]', 0, '2020-05-04 03:58:53', '2020-05-04 03:58:53', '2021-05-04 03:58:53'),
('f440150cc247f145d3bb1e47d2986cd47b3416d9878e37fd54c8232758c0521179c33732b143ac91', 24, 1, 'thebuyin', '[]', 1, '2020-05-06 04:44:09', '2020-05-06 04:44:09', '2021-05-06 04:44:09'),
('f478df37e72e5b7c9f3ca1a1685716e089bef76177e4e4d0eef4fb743cd02364df32e345a8b0796a', 3, 1, 'thebuyin', '[]', 1, '2020-05-08 18:48:42', '2020-05-08 18:48:42', '2021-05-08 18:48:42'),
('f739d05f9c4b3e97a95a3d881ed5fb35e7d594564c638c55fb0fbc14a9436b117819531c71a80459', 25, 1, 'thebuyin', '[]', 1, '2020-05-05 10:01:37', '2020-05-05 10:01:37', '2021-05-05 10:01:37'),
('f85a2ac598bb8a04495c292f8eca2d28e4bc26ca35443ebea444c96133451ca634534ffb50d164fe', 35, 1, 'thebuyin', '[]', 1, '2020-05-07 07:27:35', '2020-05-07 07:27:35', '2021-05-07 07:27:35'),
('f89e8068d295b62f676057df5bdfa5d302822fd93b40901af7315a1d906d02bb3561fc82071a2b31', 3, 1, 'thebuyin', '[]', 0, '2020-05-06 18:18:57', '2020-05-06 18:18:57', '2021-05-06 18:18:57'),
('fa1763dd10a89f6c1e8578ade18c184bbd47c3e88c90ec56bb3d650d5cb1ce2a84639164ee6427e9', 11, 1, 'thebuyin', '[]', 1, '2020-05-07 06:42:43', '2020-05-07 06:42:43', '2021-05-07 06:42:43'),
('fc37f6fca1d9deb26dfed9d79a088b9553fbf752957e8e96f305c4f06cc168b3c5889d5736b8e4cc', 3, 1, 'thebuyin', '[]', 0, '2020-05-04 18:41:05', '2020-05-04 18:41:05', '2021-05-04 18:41:05'),
('fd621b5a446a6867bb70dcbc76f6fba067dfd54b0df1342e6ea6892c716e488e365ee4cce63cb94a', 17, 1, 'thebuyin', '[]', 0, '2020-05-01 12:16:31', '2020-05-01 12:16:31', '2021-05-01 12:16:31');

-- --------------------------------------------------------

--
-- Table structure for table `oauth_auth_codes`
--

CREATE TABLE `oauth_auth_codes` (
  `id` varchar(100) COLLATE utf8mb4_unicode_ci NOT NULL,
  `user_id` bigint(20) UNSIGNED NOT NULL,
  `client_id` bigint(20) UNSIGNED NOT NULL,
  `scopes` text COLLATE utf8mb4_unicode_ci,
  `revoked` tinyint(1) NOT NULL,
  `expires_at` datetime DEFAULT NULL
) ENGINE=InnoDB DEFAULT CHARSET=utf8mb4 COLLATE=utf8mb4_unicode_ci;

-- --------------------------------------------------------

--
-- Table structure for table `oauth_clients`
--

CREATE TABLE `oauth_clients` (
  `id` bigint(20) UNSIGNED NOT NULL,
  `user_id` bigint(20) UNSIGNED DEFAULT NULL,
  `name` varchar(255) COLLATE utf8mb4_unicode_ci NOT NULL,
  `secret` varchar(100) COLLATE utf8mb4_unicode_ci DEFAULT NULL,
  `redirect` text COLLATE utf8mb4_unicode_ci NOT NULL,
  `personal_access_client` tinyint(1) NOT NULL,
  `password_client` tinyint(1) NOT NULL,
  `revoked` tinyint(1) NOT NULL,
  `created_at` timestamp NULL DEFAULT NULL,
  `updated_at` timestamp NULL DEFAULT NULL
) ENGINE=InnoDB DEFAULT CHARSET=utf8mb4 COLLATE=utf8mb4_unicode_ci;

--
-- Dumping data for table `oauth_clients`
--

INSERT INTO `oauth_clients` (`id`, `user_id`, `name`, `secret`, `redirect`, `personal_access_client`, `password_client`, `revoked`, `created_at`, `updated_at`) VALUES
(1, NULL, 'Table-sight Personal Access Client', 'bcWjM7soFCKgb0Y5umNlo16861plGOUXwtsp7d2W', 'http://localhost', 1, 0, 0, '2020-04-23 07:11:34', '2020-04-23 07:11:34'),
(2, NULL, 'Table-sight Password Grant Client', 'aF8zYu87FtY0Yo54u11mWfyyFjAF4PD2VGpymdja', 'http://localhost', 0, 1, 0, '2020-04-23 07:11:34', '2020-04-23 07:11:34');

-- --------------------------------------------------------

--
-- Table structure for table `oauth_personal_access_clients`
--

CREATE TABLE `oauth_personal_access_clients` (
  `id` bigint(20) UNSIGNED NOT NULL,
  `client_id` bigint(20) UNSIGNED NOT NULL,
  `created_at` timestamp NULL DEFAULT NULL,
  `updated_at` timestamp NULL DEFAULT NULL
) ENGINE=InnoDB DEFAULT CHARSET=utf8mb4 COLLATE=utf8mb4_unicode_ci;

--
-- Dumping data for table `oauth_personal_access_clients`
--

INSERT INTO `oauth_personal_access_clients` (`id`, `client_id`, `created_at`, `updated_at`) VALUES
(1, 1, '2020-04-23 07:11:34', '2020-04-23 07:11:34');

-- --------------------------------------------------------

--
-- Table structure for table `oauth_refresh_tokens`
--

CREATE TABLE `oauth_refresh_tokens` (
  `id` varchar(100) COLLATE utf8mb4_unicode_ci NOT NULL,
  `access_token_id` varchar(100) COLLATE utf8mb4_unicode_ci NOT NULL,
  `revoked` tinyint(1) NOT NULL,
  `expires_at` datetime DEFAULT NULL
) ENGINE=InnoDB DEFAULT CHARSET=utf8mb4 COLLATE=utf8mb4_unicode_ci;

-- --------------------------------------------------------

--
-- Table structure for table `password_resets`
--

CREATE TABLE `password_resets` (
  `email` varchar(255) COLLATE utf8mb4_unicode_ci NOT NULL,
  `token` varchar(255) COLLATE utf8mb4_unicode_ci NOT NULL,
  `created_at` timestamp NULL DEFAULT NULL
) ENGINE=InnoDB DEFAULT CHARSET=utf8mb4 COLLATE=utf8mb4_unicode_ci;

-- --------------------------------------------------------

--
-- Table structure for table `reminders`
--

CREATE TABLE `reminders` (
  `id` int(11) UNSIGNED NOT NULL,
  `reminder_name` varchar(255) COLLATE utf8mb4_unicode_ci DEFAULT NULL,
  `parent_id` int(11) NOT NULL DEFAULT '0',
  `child_id` int(11) NOT NULL DEFAULT '0',
  `exercise_id` int(11) NOT NULL DEFAULT '0',
  `duration_id` int(11) NOT NULL DEFAULT '0',
  `reminder_status` enum('0','1') COLLATE utf8mb4_unicode_ci NOT NULL DEFAULT '0' COMMENT '0 = Pending, 1 = Completed',
  `minutes` int(11) NOT NULL DEFAULT '0',
  `next_reminder_datetime` datetime NOT NULL DEFAULT CURRENT_TIMESTAMP,
  `created_at` datetime DEFAULT CURRENT_TIMESTAMP,
  `updated_at` datetime DEFAULT CURRENT_TIMESTAMP,
  `deleted_at` datetime DEFAULT NULL
) ENGINE=InnoDB DEFAULT CHARSET=utf8mb4 COLLATE=utf8mb4_unicode_ci;

--
-- Dumping data for table `reminders`
--

INSERT INTO `reminders` (`id`, `reminder_name`, `parent_id`, `child_id`, `exercise_id`, `duration_id`, `reminder_status`, `minutes`, `next_reminder_datetime`, `created_at`, `updated_at`, `deleted_at`) VALUES
(1, 'Reminder For First Exercise And Will Update You If Required', 5, 6, 1, 1, '1', 15, '2020-05-09 11:24:00', '2020-05-09 10:25:56', '2020-05-09 11:32:56', NULL),
(2, 'Reminder Two', 5, 6, 1, 1, '0', 15, '2020-05-09 11:49:00', '2020-05-09 11:34:40', '2020-05-09 11:35:22', '2020-05-09 11:35:22'),
(3, 'Reminder For Third Exercise', 5, 6, 4, 1, '0', 15, '2020-05-09 12:22:00', '2020-05-09 11:40:26', '2020-05-09 12:07:45', NULL),
(4, 'Fourth Exercise', 5, 6, 2, 1, '0', 15, '2020-05-09 12:22:00', '2020-05-09 11:41:11', '2020-05-09 12:07:46', NULL),
(5, 'Fifth Exercise', 5, 6, 3, 1, '0', 15, '2020-05-09 12:22:00', '2020-05-09 11:41:36', '2020-05-09 12:07:46', NULL),
(6, 'First Reminder', 5, 7, 3, 1, '0', 15, '2020-05-13 09:10:00', '2020-05-09 12:46:14', '2020-05-13 09:02:27', '2020-05-13 09:02:27'),
(7, 'Test', 8, 9, 2, 4, '0', 60, '2020-05-11 04:54:00', '2020-05-11 03:54:23', '2020-05-11 03:54:58', '2020-05-11 03:54:58'),
(8, 'Nhh', 8, 9, 3, 1, '1', 15, '2020-05-11 04:10:00', '2020-05-11 03:55:24', '2020-05-11 04:03:14', NULL),
(9, 'Test', 8, 9, 2, 3, '0', 45, '2020-05-13 10:03:00', '2020-05-11 04:03:43', '2020-05-13 09:18:01', NULL),
(10, 'Hhu', 8, 9, 4, 3, '0', 45, '2020-05-13 10:04:00', '2020-05-11 04:04:24', '2020-05-13 09:19:02', NULL),
(11, 'Nh', 8, 9, 3, 2, '0', 30, '2020-05-13 10:05:00', '2020-05-11 04:05:08', '2020-05-13 09:35:02', NULL),
(12, 'Gyu', 8, 9, 3, 3, '0', 45, '2020-05-13 10:05:00', '2020-05-11 04:05:38', '2020-05-13 09:20:01', NULL),
(13, 'Test Exercise', 5, 7, 4, 1, '1', 15, '2020-05-11 09:25:00', '2020-05-11 08:55:53', '2020-05-11 09:20:52', NULL),
(14, 'Test', 8, 9, 3, 1, '0', 15, '2020-05-13 10:03:00', '2020-05-11 09:03:02', '2020-05-13 09:48:02', NULL),
(15, 'Test 2', 8, 9, 1, 7, '0', 240, '2020-05-13 13:04:00', '2020-05-11 09:04:11', '2020-05-13 09:04:01', NULL),
(16, 'Fghh', 8, 9, 3, 1, '0', 15, '2020-05-13 10:03:00', '2020-05-11 09:18:13', '2020-05-13 09:48:02', NULL),
(17, 'Yh', 8, 9, 3, 1, '0', 15, '2020-05-13 10:08:00', '2020-05-11 09:23:16', '2020-05-13 09:53:01', NULL),
(18, 'Nn', 8, 9, 3, 1, '0', 15, '2020-05-13 10:08:00', '2020-05-11 09:23:54', '2020-05-13 09:53:01', NULL),
(19, 'Ju', 8, 9, 3, 1, '0', 15, '2020-05-13 10:09:00', '2020-05-11 09:24:12', '2020-05-13 10:00:56', '2020-05-13 10:00:56'),
(20, 'test', 10, 12, 3, 7, '1', 240, '2020-05-13 11:12:00', '2020-05-13 06:55:54', '2020-05-13 09:12:24', NULL),
(21, 'Reminder Ios', 5, 7, 4, 1, '1', 15, '2020-05-13 13:12:00', '2020-05-13 09:01:07', '2020-05-13 13:04:25', NULL),
(22, 'Test 1', 10, 13, 1, 3, '0', 45, '2020-05-13 10:00:00', '2020-05-13 09:15:16', '2020-05-13 09:15:16', NULL),
(23, 'aaaa', 25, 27, 1, 3, '0', 45, '2020-05-13 10:35:00', '2020-05-13 09:46:09', '2020-05-13 09:50:54', NULL),
(24, 'new reminder', 21, 28, 3, 3, '0', 45, '2020-05-13 10:51:00', '2020-05-13 10:06:22', '2020-05-13 10:06:22', NULL),
(25, 'Reminder ios mobile', 15, 29, 1, 1, '0', 15, '2020-05-18 05:27:00', '2020-05-13 10:39:24', '2020-05-18 05:12:02', NULL),
(26, 'reminder second iOS', 15, 29, 2, 2, '0', 30, '2020-05-13 11:10:00', '2020-05-13 10:40:21', '2020-05-13 10:42:28', '2020-05-13 10:42:28'),
(27, 'Notify Ios Device', 15, 29, 3, 1, '0', 15, '2020-05-13 10:59:00', '2020-05-13 10:44:21', '2020-05-13 10:45:48', '2020-05-13 10:45:48'),
(28, 'android reminder', 15, 29, 4, 1, '0', 15, '2020-05-18 05:27:00', '2020-05-13 11:14:02', '2020-05-18 05:12:02', NULL),
(29, 'Reminder Two', 5, 7, 3, 1, '1', 15, '2020-05-13 13:20:00', '2020-05-13 13:05:12', '2020-05-13 13:07:06', NULL),
(30, 'Reminder Third', 5, 7, 3, 1, '1', 15, '2020-05-13 13:25:00', '2020-05-13 13:10:18', '2020-05-13 13:11:13', NULL),
(31, 'Reminder Fourth', 5, 7, 3, 1, '1', 15, '2020-05-13 13:27:00', '2020-05-13 13:12:22', '2020-05-13 13:13:14', NULL),
(32, 'Reminder Fifth', 5, 7, 3, 1, '1', 15, '2020-05-13 13:30:00', '2020-05-13 13:15:22', '2020-05-13 13:23:55', NULL),
(33, 'Reminder Sixth', 5, 7, 3, 1, '0', 15, '2020-05-13 13:39:00', '2020-05-13 13:24:11', '2020-05-13 13:31:35', '2020-05-13 13:31:35'),
(34, 'Seventh', 5, 7, 2, 1, '1', 15, '2020-05-14 12:25:00', '2020-05-13 13:32:05', '2020-05-14 12:13:43', NULL),
(35, 'qwww', 10, 12, 4, 1, '1', 15, '2020-05-14 06:22:00', '2020-05-14 06:07:26', '2020-05-14 06:07:46', NULL),
(36, 'aaaa', 10, 12, 3, 2, '1', 30, '2020-05-14 06:38:00', '2020-05-14 06:08:04', '2020-05-14 06:08:20', NULL),
(37, 'crash reminder', 5, 7, 2, 1, '0', 15, '2020-05-14 12:35:00', '2020-05-14 12:12:00', '2020-05-14 12:20:17', NULL),
(38, 'Reminder Ios', 5, 7, 1, 1, '0', 15, '2020-05-14 12:31:00', '2020-05-14 12:16:42', '2020-05-14 12:17:05', '2020-05-14 12:17:05'),
(39, 'for second child', 5, 30, 2, 1, '1', 15, '2020-05-14 12:36:00', '2020-05-14 12:21:37', '2020-05-14 12:26:34', NULL),
(40, 'For Second Chils', 5, 30, 1, 1, '1', 15, '2020-05-14 12:40:00', '2020-05-14 12:25:59', '2020-05-14 12:27:56', NULL),
(41, 'Third Reminder', 5, 30, 4, 1, '1', 15, '2020-05-14 12:46:00', '2020-05-14 12:31:51', '2020-05-14 12:34:22', NULL),
(42, 'Fourth Reminder', 5, 30, 4, 1, '1', 15, '2020-05-14 12:47:00', '2020-05-14 12:32:22', '2020-05-14 12:33:52', NULL),
(43, 'Fifth Reminder', 5, 30, 1, 1, '0', 15, '2020-05-14 12:47:00', '2020-05-14 12:32:43', '2020-05-14 12:32:58', '2020-05-14 12:32:58'),
(44, 'android reminder', 5, 30, 4, 1, '1', 15, '2020-05-14 12:53:00', '2020-05-14 12:38:04', '2020-05-14 12:41:33', NULL),
(45, 'reminder delete', 5, 30, 3, 1, '0', 15, '2020-05-14 12:57:00', '2020-05-14 12:42:28', '2020-05-14 12:42:42', '2020-05-14 12:42:42'),
(46, 'Test 1', 10, 12, 3, 1, '1', 15, '2020-05-14 13:03:00', '2020-05-14 12:48:22', '2020-05-14 12:49:34', NULL),
(47, 'Test 2', 10, 12, 4, 4, '1', 60, '2020-05-14 13:48:00', '2020-05-14 12:48:39', '2020-05-14 12:58:03', NULL),
(48, 'reminder name 6 hrs', 5, 31, 2, 9, '0', 360, '2020-05-14 18:51:00', '2020-05-14 12:51:15', '2020-05-14 14:03:32', '2020-05-14 14:03:32'),
(49, 'Reminder Try', 5, 31, 3, 1, '0', 15, '2020-05-14 13:24:00', '2020-05-14 13:08:53', '2020-05-14 13:09:12', '2020-05-14 13:09:12'),
(50, 'Reminder Tray', 5, 31, 3, 1, '0', 15, '2020-05-14 14:10:00', '2020-05-14 13:10:01', '2020-05-14 14:03:21', '2020-05-14 14:03:21'),
(51, 'Reminder Du', 5, 31, 3, 2, '1', 30, '2020-05-14 14:10:00', '2020-05-14 13:10:20', '2020-05-14 14:00:38', NULL),
(52, 'second child second reminder', 5, 31, 2, 1, '0', 15, '2020-05-14 14:17:00', '2020-05-14 13:59:16', '2020-05-14 14:03:04', '2020-05-14 14:03:04'),
(53, 'reminder', 5, 31, 3, 1, '0', 15, '2020-05-14 14:20:00', '2020-05-14 14:05:15', '2020-05-14 14:05:40', '2020-05-14 14:05:40'),
(54, 'reminder clear', 5, 31, 4, 1, '0', 15, '2020-05-14 14:21:00', '2020-05-14 14:06:27', '2020-05-14 14:07:04', '2020-05-14 14:07:04'),
(55, 'Aaa', 10, 12, 4, 1, '0', 15, '2020-05-18 05:13:00', '2020-05-15 04:13:52', '2020-05-18 04:58:02', NULL),
(56, 'Reminder Android', 5, 31, 3, 1, '0', 15, '2020-05-15 05:21:00', '2020-05-15 05:06:40', '2020-05-15 05:07:06', '2020-05-15 05:07:06'),
(57, 'Reminder For Exercise With Weight', 5, 31, 3, 1, '1', 15, '2020-05-15 05:25:00', '2020-05-15 05:08:18', '2020-05-15 05:11:05', NULL),
(58, 'Multi Select', 5, 31, 4, 1, '0', 15, '2020-05-18 05:15:00', '2020-05-15 05:15:20', '2020-05-18 05:00:01', NULL),
(59, 'Multi Select', 5, 32, 4, 1, '0', 15, '2020-05-15 05:31:00', '2020-05-15 05:16:01', '2020-05-15 05:16:01', NULL);

-- --------------------------------------------------------

--
-- Table structure for table `reminder_has_uploads`
--

CREATE TABLE `reminder_has_uploads` (
  `id` int(11) UNSIGNED NOT NULL,
  `parent_id` int(11) NOT NULL DEFAULT '0',
  `child_id` int(11) NOT NULL DEFAULT '0',
  `reminder_id` int(11) NOT NULL DEFAULT '0',
  `video` varchar(255) COLLATE utf8mb4_unicode_ci DEFAULT NULL,
  `created_at` datetime DEFAULT CURRENT_TIMESTAMP,
  `updated_at` datetime DEFAULT CURRENT_TIMESTAMP,
  `deleted_at` datetime DEFAULT NULL
) ENGINE=InnoDB DEFAULT CHARSET=utf8mb4 COLLATE=utf8mb4_unicode_ci;

--
-- Dumping data for table `reminder_has_uploads`
--

INSERT INTO `reminder_has_uploads` (`id`, `parent_id`, `child_id`, `reminder_id`, `video`, `created_at`, `updated_at`, `deleted_at`) VALUES
(1, 5, 6, 1, '1589023976_VIDEO_1589023940192.mp4', '2020-05-09 11:32:56', '2020-05-09 11:32:56', NULL),
(2, 8, 9, 8, '1589169794_VID-20200510-WA0002_1589169786015.mp4', '2020-05-11 04:03:14', '2020-05-11 04:03:14', NULL),
(3, 5, 7, 13, '1589188852_VIDEO_1589188833821.mp4', '2020-05-11 09:20:52', '2020-05-11 09:20:52', NULL),
(4, 10, 12, 20, '1589361144_media_file.mov', '2020-05-13 09:12:24', '2020-05-13 09:12:24', NULL),
(5, 5, 7, 21, '1589375065_media_file.mov', '2020-05-13 13:04:25', '2020-05-13 13:04:25', NULL),
(6, 5, 7, 29, '1589375226_VIDEO_1589375215870.mp4', '2020-05-13 13:07:06', '2020-05-13 13:07:06', NULL),
(7, 5, 7, 30, '1589375473_media_file.mov', '2020-05-13 13:11:13', '2020-05-13 13:11:13', NULL),
(8, 5, 7, 31, '1589375594_media_file.mov', '2020-05-13 13:13:14', '2020-05-13 13:13:14', NULL),
(9, 5, 7, 32, '1589376235_media_file.mov', '2020-05-13 13:23:55', '2020-05-13 13:23:55', NULL),
(10, 10, 12, 35, '1589436466_media_file.mov', '2020-05-14 06:07:46', '2020-05-14 06:07:46', NULL),
(11, 10, 12, 36, '1589436500_media_file.mov', '2020-05-14 06:08:20', '2020-05-14 06:08:20', NULL),
(12, 5, 7, 34, '1589458423_media_file.mov', '2020-05-14 12:13:43', '2020-05-14 12:13:43', NULL),
(13, 5, 30, 39, '1589459194_media_file.mov', '2020-05-14 12:26:34', '2020-05-14 12:26:34', NULL),
(14, 5, 30, 40, '1589459276_media_file.mov', '2020-05-14 12:27:56', '2020-05-14 12:27:56', NULL),
(15, 5, 30, 42, '1589459632_media_file.mov', '2020-05-14 12:33:52', '2020-05-14 12:33:52', NULL),
(16, 5, 30, 41, '1589459662_media_file.mov', '2020-05-14 12:34:22', '2020-05-14 12:34:22', NULL),
(17, 5, 30, 44, '1589460093_VIDEO_1589460074703.mp4', '2020-05-14 12:41:33', '2020-05-14 12:41:33', NULL),
(18, 10, 12, 46, '1589460574_media_file.mov', '2020-05-14 12:49:34', '2020-05-14 12:49:34', NULL),
(19, 10, 12, 47, '1589461083_media_file.mov', '2020-05-14 12:58:03', '2020-05-14 12:58:03', NULL),
(20, 5, 31, 51, '1589464838_media_file.mov', '2020-05-14 14:00:38', '2020-05-14 14:00:38', NULL),
(21, 5, 31, 57, '1589519465_media_file.mov', '2020-05-15 05:11:05', '2020-05-15 05:11:05', NULL);

-- --------------------------------------------------------

--
-- Table structure for table `time_units`
--

CREATE TABLE `time_units` (
  `id` int(11) UNSIGNED NOT NULL,
  `title` varchar(100) COLLATE utf8mb4_unicode_ci DEFAULT NULL,
  `created_at` datetime DEFAULT CURRENT_TIMESTAMP,
  `updated_at` datetime DEFAULT CURRENT_TIMESTAMP,
  `deleted_at` datetime DEFAULT NULL
) ENGINE=InnoDB DEFAULT CHARSET=utf8mb4 COLLATE=utf8mb4_unicode_ci;

--
-- Dumping data for table `time_units`
--

INSERT INTO `time_units` (`id`, `title`, `created_at`, `updated_at`, `deleted_at`) VALUES
(1, 'Minutes', '2020-04-28 23:14:17', '2020-04-28 23:14:17', NULL),
(2, 'Hours', '2020-04-28 23:14:17', '2020-04-28 23:14:17', NULL);

-- --------------------------------------------------------

--
-- Table structure for table `users`
--

CREATE TABLE `users` (
  `id` bigint(20) UNSIGNED NOT NULL,
  `first_name` varchar(255) COLLATE utf8mb4_unicode_ci NOT NULL,
  `last_name` varchar(255) COLLATE utf8mb4_unicode_ci DEFAULT NULL,
  `mobile_number` varchar(25) COLLATE utf8mb4_unicode_ci DEFAULT NULL,
  `email` varchar(255) COLLATE utf8mb4_unicode_ci DEFAULT NULL,
  `usertype` enum('A','P','C') COLLATE utf8mb4_unicode_ci NOT NULL DEFAULT 'P',
  `parent_id` int(11) NOT NULL DEFAULT '0',
  `email_otp` varchar(10) COLLATE utf8mb4_unicode_ci DEFAULT NULL,
  `email_otp_verified` enum('0','1') COLLATE utf8mb4_unicode_ci NOT NULL DEFAULT '0',
  `email_verified_at` timestamp NULL DEFAULT NULL,
  `password` varchar(255) COLLATE utf8mb4_unicode_ci NOT NULL,
  `remember_token` varchar(100) COLLATE utf8mb4_unicode_ci DEFAULT NULL,
  `status` set('1','0') COLLATE utf8mb4_unicode_ci NOT NULL DEFAULT '1',
  `device_type` enum('1','2') COLLATE utf8mb4_unicode_ci DEFAULT NULL COMMENT '1 = IOS, 2 = Android',
  `device_id` text COLLATE utf8mb4_unicode_ci,
  `created_at` timestamp NULL DEFAULT NULL,
  `updated_at` timestamp NULL DEFAULT NULL,
  `deleted_at` datetime DEFAULT NULL
) ENGINE=InnoDB DEFAULT CHARSET=utf8mb4 COLLATE=utf8mb4_unicode_ci;

--
-- Dumping data for table `users`
--

INSERT INTO `users` (`id`, `first_name`, `last_name`, `mobile_number`, `email`, `usertype`, `parent_id`, `email_otp`, `email_otp_verified`, `email_verified_at`, `password`, `remember_token`, `status`, `device_type`, `device_id`, `created_at`, `updated_at`, `deleted_at`) VALUES
(1, 'The Buy In', 'admin', '9638527414', 'admin@gmail.com', 'A', 0, NULL, '0', NULL, '$2y$10$avhO8tQAPX8DweiLYHCiZulKTTuXfsXdoW2ix9UzZDPuqn0z/r51y', NULL, '1', NULL, NULL, '2020-04-22 12:34:05', '2020-05-07 06:12:00', NULL),
(2, 'Dipen', 'Parent', '1236547890', 'dipen0709@gmail.com', 'P', 0, '219918', '1', NULL, '$2y$10$hN9q0DwicDKfGFV5sBYPHuWnV.ohH.ZGS9VcqgfQwv0Qo0Dl7gBnq', NULL, '1', '2', 'sasdw53454rfdy5trfcdsre55e54tfdfe45fdssfsr4', '2020-04-26 08:00:16', '2020-05-13 09:46:23', NULL),
(3, 'Dipen0709+1', 'Child 1', '1112223336', 'dipen0709+1@gmail.com', 'C', 2, NULL, '1', NULL, '$2y$10$JUaXB14I1SjjewGXCNNSxOpr1Fc1OB6JfIN8Xi7jgA/pYlnGF2znS', NULL, '1', '2', 'sasdw53454rfdy5trfcdsre55e54tfdfe45fdssfsr4', '2020-04-26 08:06:47', '2020-05-09 10:34:17', NULL),
(4, 'Dipen0709+2', 'Child 2', '1112223337', 'dipen0709+2@gmail.com', 'C', 2, NULL, '1', NULL, '$2y$10$y3Vezef3ePjEmmpkb1nKl.QUi2pPGUjfW1LU7M6w24t/85cwtq3RS', NULL, '1', NULL, NULL, '2020-04-26 08:08:19', '2020-05-04 07:23:03', NULL),
(5, 'Chetanya', 'Sharma', '9409035779', 'chetanya.devstree@gmail.com', 'P', 0, '', '1', NULL, '$2y$10$uO6z6Yl.i9DDz63A4qQnsu/y.ENw13gOU5JuYQA5lCQK3Hpj2ZPXy', NULL, '1', '2', 'dX5rPX6ymUk:APA91bGv0GM3MuxCnCSWcUbEVfYcqwxellHQ-HIzLPjb02j2jXhZCsOEaJbi21J2pf8Dr5KhPigB7I9rRT4TDEsPoLSaNGEsHEPG4kbns6CZr6_vE6WJW9muoTZ-FkKhFcWPqKsjja47', '2020-05-09 10:22:39', '2020-05-15 05:06:25', NULL),
(6, 'child', 'ones', '9876543210', 'childone@gmail.com', 'C', 5, NULL, '1', NULL, '$2y$10$8O34amHJukeEukwSBHzYF.gSexfRiJ23a4q2vUgHZ.dz3.u3bukW.', NULL, '1', '2', 'c8hZaNL6P1I:APA91bFBDVMyhVhGbRO8KFnPc-td7PkICDoKrkayM0Kf96LAtU8g0lZRhUXwnOe8bRt0Mbn5nj7DP8L2Wp_sHjzMo4tb_Jvyzd-g_BUb-Y60PQI1TmCwU9VUPU3WZ4c7PGJJBwVIoUC-', '2020-05-09 10:24:15', '2020-05-09 12:12:08', '2020-05-09 12:12:08'),
(7, 'child', 'one', '9876543210', 'childone@gmail.com', 'C', 5, NULL, '1', NULL, '$2y$10$RQefY9eKx38UEi.VwnT57.eS0oBkVOvSCd9ythGn0eaRnH2R/QuAW', NULL, '1', '1', '', '2020-05-09 12:45:59', '2020-05-14 12:42:54', '2020-05-14 12:42:54'),
(8, 'dhara', 'pjj', '9638527415', 'dhara.iblazing@gmail.com', 'P', 0, '', '1', NULL, '$2y$10$WxGfrEyq538BkLKyAntQu./UkJ1JwzUVzx1coU4Gi3ulSnEtKU72q', NULL, '1', '2', 'dUve9qaenkE:APA91bG5eSvnhAlHk-X_tDL58jMwDG8IcaSXxxM7dbnGzYl4th-NY2KK3LWAnkE26Kj2jyupbJWOWfZZEsQeisgql8eJJLQudJgXvwZco4wnR4C4bJxwv5mdo3mcdPkUcD8W5vm0XJis', '2020-05-11 03:50:18', '2020-05-11 09:17:45', NULL),
(9, 'jiya', 'patel', '7418529635', 'jiya@gmail.com', 'C', 8, NULL, '1', NULL, '$2y$10$KFrUijYLACvG83AFlY3gIO91tIU8s3tpo4rW8txwDXIBE5rvbjDX6', NULL, '1', '2', 'fWUhbFWoEUw:APA91bEE3Iy6X14HbXcyDR39khdRiYUmj4ejD7Xr9kG3dWH9vtGVZ_-79LlGt_uzNCgtwny2-u8ysNy6hHS61dnQkvaVrj9Yoz0SveQmHYR4-9tPCSSK3kWaabZ0pq2Hd0gFLNCGIqWH', '2020-05-11 03:52:07', '2020-05-13 10:00:41', '2020-05-13 10:00:41'),
(10, 'krinaa', 'patel', '9632584412', 'krina.devstree@gmail.com', 'P', 0, '', '1', NULL, '$2y$10$UNqX7.fbUPamuESAXZaDj.Tbxkxl8CEUCFI1hQi6UOq75LrfpTM1e', NULL, '1', '2', 'fKRHr0eoDQs:APA91bE70lu054_9v0kFxqBzC5PwiDaceVrJYOmFJvNL0VWi1dzEPZN2haOrgmYGkjq5YrjpdPiQURph9t6PliOpjmxHDszqdRQfNVZStAwKSSNm5HuE5QUtk7A4szWJQEFcQkBGe8tr', '2020-05-12 04:29:45', '2020-05-14 12:47:59', NULL),
(11, 'Krina', 'demo', '9874563214', 'child@gmail.com', 'C', 10, NULL, '1', NULL, '$2y$10$iVRIidlrjTJxwq4FsuGPOOajwQM5zhiW.5SpyrRm8vWZdVXVtrS9u', NULL, '1', '1', '', '2020-05-12 09:22:09', '2020-05-13 06:51:40', '2020-05-13 06:51:40'),
(12, 'krina', 'child1', '9632587412', 'child@gmail.com', 'C', 10, NULL, '1', NULL, '$2y$10$uWyiEEEVoHJvGNKtMHTdaewtX80DWCi64E/ixnmTUcgwZvLZWEs6a', NULL, '1', '1', 'c2X3fuNiUkp9kQmZ2LiQsN:APA91bEptp7RBSwgKWmASJpcn-QZMN9aPONkBoIQ5aYV4q_a98aR2JIVHUJ7mSSRYNfA5yzAefyyMltwXPYlAmYyCloaSFa12QNOI2xxSAzDC_zIPW9QtbFxiQhP3wyEkaG1CXp1GPDb', '2020-05-13 06:52:09', '2020-05-14 12:41:44', NULL),
(13, 'Krina', 'child2', '7412365896', 'child2@gmail.com', 'C', 10, NULL, '1', NULL, '$2y$10$kaZFRcg.re5yg/2aG55A4unI8q7mi6YUJs13yDtMw2p4jzsA6F1IG', NULL, '1', NULL, NULL, '2020-05-13 06:55:24', '2020-05-13 09:52:10', '2020-05-13 09:52:10'),
(14, 'Bhargav', 'Simejiya', '8521478523', 'bhavesh.iblazing@gmail.com', 'P', 0, '', '1', NULL, '$2y$10$BeRzXgAlCIjc6FWBVGsSqexMg5FdWe4EznwWdmZShiDASmhoaZqlC', NULL, '1', '1', '', '2020-05-13 07:26:36', '2020-05-13 07:28:15', NULL),
(15, 'Chetanya', 'Sharma', '9106627778', 'a01@mailinator.com', 'P', 0, '', '1', NULL, '$2y$10$FnbgrWL.2XUNJZms3BnL9.Tt5UwWi/Q84Bymn3/Lw0VFVDcDcZfEi', NULL, '1', '2', '', '2020-05-13 08:45:53', '2020-05-13 11:46:54', NULL),
(16, 'hardik', 'kardani', '9737963763', 'hardik.kardani@gmail.com', 'P', 0, '686032', '0', NULL, '$2y$10$f2iPNZhe.zdxXzkeNlOXd.KNJiWgL8wwe5Eo4meuaJaA0bD7cT62a', NULL, '1', '1', 'cOd_TtxSHtQ:APA91bFFo9y7_7EIwWP9pQF5cmlgM3_xLlNtDCPUpN67TKfLMheoDrTSIpitkJD6T4lk3gQsYIxOP7J1YrcmQZHdrUBhcZu2idy38RpxCsHG0EywtY-s3tWLGViciI1OjGqSzbnTCqyG', '2020-05-13 08:53:59', '2020-05-13 08:53:59', NULL),
(17, 'hardik', 'kardani', '6354046964', 'hardik_kardani@gmail.com', 'P', 0, '682569', '0', NULL, '$2y$10$PvtwTPQ9TVIxR8Pz43sn4O2WZgAlc/R.3PDpPrjZw0jJF7GR9ahp.', NULL, '1', '1', 'cOd_TtxSHtQ:APA91bFFo9y7_7EIwWP9pQF5cmlgM3_xLlNtDCPUpN67TKfLMheoDrTSIpitkJD6T4lk3gQsYIxOP7J1YrcmQZHdrUBhcZu2idy38RpxCsHG0EywtY-s3tWLGViciI1OjGqSzbnTCqyG', '2020-05-13 08:55:02', '2020-05-13 08:55:02', NULL),
(18, 'test children', 'test', '1234567890', 'hardik.kardani1@gmail.com', 'C', 10, NULL, '1', NULL, '$2y$10$YvX65WU4idphaExhOsRBcO61ex7pIpJM7UAbkla6qy.KAIhJOPQL.', NULL, '1', NULL, NULL, '2020-05-13 09:09:49', '2020-05-13 09:10:00', '2020-05-13 09:10:00'),
(19, 'asd', 'qwe', '7852145214', 'asd@gmail.com', 'P', 0, '241537', '0', NULL, '$2y$10$rwOpmbDfVSXp.LlqO.VKaetob6.69iGzhFmVd7/zKIdiU1e/w6ocm', NULL, '1', '1', 'cptwl3CYcXQ:APA91bEJBO8vKQwh-9SAISDJODfRGVEKaTN2meLgKv2gWg9oUZQB0vro6xcgqpmeUKQuGFaCdSwxT4FNQhvCntakO6YQL8lrHABiKQV5cWpfy0HPTR6AHp38mH0w7n3rcRwKCqJOqmPU', '2020-05-13 09:20:59', '2020-05-13 09:20:59', NULL),
(20, 'asd', 'qwe', '7852145213', 'asd1@gmail.com', 'P', 0, '103879', '0', NULL, '$2y$10$YS6p/6TfU0n4Kuqn3qMjAu1IAMK3hbjUExQRBRbHy2fNsypVVTsS2', NULL, '1', '1', 'cptwl3CYcXQ:APA91bEJBO8vKQwh-9SAISDJODfRGVEKaTN2meLgKv2gWg9oUZQB0vro6xcgqpmeUKQuGFaCdSwxT4FNQhvCntakO6YQL8lrHABiKQV5cWpfy0HPTR6AHp38mH0w7n3rcRwKCqJOqmPU', '2020-05-13 09:21:46', '2020-05-13 09:21:46', NULL),
(21, 'aaaa', 'wqqq', '22772272727', 'a@gmail.com', 'P', 0, '', '1', NULL, '$2y$10$RMo46Op1LMP/yrOEaynD9eg6l8y4LHqbezO0dCXhMd8OZBErDbQyq', NULL, '1', '1', '', '2020-05-13 09:23:11', '2020-05-14 03:47:45', NULL),
(22, 'qwerty', 'aaa', '7412589638', 'z@gmail.com', 'P', 0, '192763', '0', NULL, '$2y$10$HkVg0nPXjSW6LIPRql/kp.dMRP5aknC.niySO6gdvQGIbWb8/MX/S', NULL, '1', '1', 'ffWCbv82XT0:APA91bHPx_Cx8yJV9XFwYwEkeyz5-7-B4MXvEuqn9CDYvrTzCHA6YbFNJqt0aqDmSu2fa5SZb7vqLV_2MZNKsdmcKdsI3dsMl0nm_LGopmD0beG5bgeUl8wqop3Ra4WsQs3MtGEsX0pf', '2020-05-13 09:30:51', '2020-05-13 09:30:51', NULL),
(23, 'bccb', 'hchchc', '7412589632', 'zx@gmail.com', 'P', 0, '198717', '0', NULL, '$2y$10$ZgHksN2Sr6MvLQf0iKHrGOPGGsMXMy.432dUUTwnEzqir3djsyAFu', NULL, '1', '1', 'dmz2785D8_4:APA91bGiJeieSb2e8TkFmamuA1zCDUtOg6zakf5W9WTO52nHEN1M9cvcrq6JOh3StS32KRmLdVCWw7Y13CpH7NNgIjWwy24hcEovoZuKsJgdW6FncX2QoCPH0eyzodpkoQL1Oh7bUHcS', '2020-05-13 09:34:02', '2020-05-13 09:34:02', NULL),
(24, 'bccb', 'hchchc', '7412589635', 'zzx@gmail.com', 'P', 0, '213107', '0', NULL, '$2y$10$fKuwwsbV0BSIflqyOoxste/jK1Xacs/LF1uDDu/uIEgSA0D5R4Ole', NULL, '1', '1', 'dmz2785D8_4:APA91bGiJeieSb2e8TkFmamuA1zCDUtOg6zakf5W9WTO52nHEN1M9cvcrq6JOh3StS32KRmLdVCWw7Y13CpH7NNgIjWwy24hcEovoZuKsJgdW6FncX2QoCPH0eyzodpkoQL1Oh7bUHcS', '2020-05-13 09:34:39', '2020-05-13 09:34:39', NULL),
(25, 'bccb', 'hchchc', '7412589634', 'zz@gmail.com', 'P', 0, '', '1', NULL, '$2y$10$xVYY0y9HUEweJHVP.XMgEOGXkwzK6djn6d0PDhPOVISYTU1AVH0Ym', NULL, '1', '1', '', '2020-05-13 09:36:14', '2020-05-13 09:52:46', NULL),
(26, 'test', 'new', '8962531487', 'child.test@gmail.com', 'C', 25, NULL, '1', NULL, '$2y$10$acRDKFjin1Be2Z/uQEfj6u719N9dEqqo80sIydrsXY5BGpEWJnJf2', NULL, '1', NULL, NULL, '2020-05-13 09:38:52', '2020-05-13 09:40:31', '2020-05-13 09:40:31'),
(27, 'test', 'new', '8521478528', 'child.test@gmail.com', 'C', 25, NULL, '1', NULL, '$2y$10$ZNVFFhPTxLKLYWBP1g0TeuO/VWquj6U5k7.0LeGX1sD9Na05DvQci', NULL, '1', '1', '', '2020-05-13 09:41:01', '2020-05-13 10:05:11', NULL),
(28, 'new', 'kid', '8523697418', 'new.kid@gmail.com', 'C', 21, NULL, '1', NULL, '$2y$10$zjMZD9nWGRgMLekJUkqJ9.jW9tIq0Klint2IEygEdWIdcVSRVcufW', NULL, '1', NULL, NULL, '2020-05-13 10:05:58', '2020-05-13 10:05:58', NULL),
(29, 'children', 'one', '9635874210', 'childrenone@mailinator.com', 'C', 15, NULL, '1', NULL, '$2y$10$r3.fAfWb2ZvLiYQzQApU8ulm3FfMvyz2e7k9asu.q33My1I8ekd7.', NULL, '1', '1', 'doCHMya8unU:APA91bFI1lvt0LbllGdn9SBZqC3qCUYV2uJ843UJ4Nl1LCW1fDv--h5ZHGbf8rKhEmOZ4Qe55nOwFka8OQU-eUoIv8XVyWHeb7Keji6JGT_91RIi8R38_33WukS6AvR1eFMOL6e0Syin', '2020-05-13 10:32:54', '2020-05-13 12:11:38', NULL),
(30, 'second', 'children', '98523648701', 'secondchild@gmail.com', 'C', 5, NULL, '1', NULL, '$2y$10$l2KUhLv6RKKInZtO/rJpdeH1kncKcbRihc6kK71V0bOOPCfs78qSu', NULL, '1', '2', 'dX5rPX6ymUk:APA91bGv0GM3MuxCnCSWcUbEVfYcqwxellHQ-HIzLPjb02j2jXhZCsOEaJbi21J2pf8Dr5KhPigB7I9rRT4TDEsPoLSaNGEsHEPG4kbns6CZr6_vE6WJW9muoTZ-FkKhFcWPqKsjja47', '2020-05-14 12:21:06', '2020-05-14 12:47:28', '2020-05-14 12:47:28'),
(31, 'second', 'children', '9852364701', 'secondchild@gmail.com', 'C', 5, NULL, '1', NULL, '$2y$10$tkEQQkfh.eCpNeTs9Z5/6Ofm8.hf1yC6b38wGSzCZI1k/qKCmmDcy', NULL, '1', '1', 'c3MnxPqv3k44loaLsfsOak:APA91bGsxaDoONovNOJyrwfS0_e0U0IoPnRFkr8-h1v87vXwitrzhAlfCMH24iWya_zYuAdTl1FfPBeSIMU7xFAv0PKZJPcF5WlRKOJHcHOqnpqu3BIRoZP4mb5EoW0nCGWDTI1LjhTm', '2020-05-14 12:47:58', '2020-05-15 05:06:06', NULL),
(32, 'third', 'child', '9852364710', 'thirdchild@mailinator.com', 'C', 5, NULL, '1', NULL, '$2y$10$5fDn.SRfcTETfwIulqyk..BIv0TCeUu1rvwS.416yOq/zIEQDA2I.', NULL, '1', NULL, NULL, '2020-05-14 13:58:43', '2020-05-14 13:58:43', NULL);

--
-- Indexes for dumped tables
--

--
-- Indexes for table `durations`
--
ALTER TABLE `durations`
  ADD PRIMARY KEY (`id`);

--
-- Indexes for table `exercises`
--
ALTER TABLE `exercises`
  ADD PRIMARY KEY (`id`);

--
-- Indexes for table `failed_jobs`
--
ALTER TABLE `failed_jobs`
  ADD PRIMARY KEY (`id`);

--
-- Indexes for table `migrations`
--
ALTER TABLE `migrations`
  ADD PRIMARY KEY (`id`);

--
-- Indexes for table `oauth_access_tokens`
--
ALTER TABLE `oauth_access_tokens`
  ADD PRIMARY KEY (`id`),
  ADD KEY `oauth_access_tokens_user_id_index` (`user_id`);

--
-- Indexes for table `oauth_auth_codes`
--
ALTER TABLE `oauth_auth_codes`
  ADD PRIMARY KEY (`id`),
  ADD KEY `oauth_auth_codes_user_id_index` (`user_id`);

--
-- Indexes for table `oauth_clients`
--
ALTER TABLE `oauth_clients`
  ADD PRIMARY KEY (`id`),
  ADD KEY `oauth_clients_user_id_index` (`user_id`);

--
-- Indexes for table `oauth_personal_access_clients`
--
ALTER TABLE `oauth_personal_access_clients`
  ADD PRIMARY KEY (`id`);

--
-- Indexes for table `oauth_refresh_tokens`
--
ALTER TABLE `oauth_refresh_tokens`
  ADD PRIMARY KEY (`id`);

--
-- Indexes for table `password_resets`
--
ALTER TABLE `password_resets`
  ADD KEY `password_resets_email_index` (`email`);

--
-- Indexes for table `reminders`
--
ALTER TABLE `reminders`
  ADD PRIMARY KEY (`id`);

--
-- Indexes for table `reminder_has_uploads`
--
ALTER TABLE `reminder_has_uploads`
  ADD PRIMARY KEY (`id`);

--
-- Indexes for table `time_units`
--
ALTER TABLE `time_units`
  ADD PRIMARY KEY (`id`);

--
-- Indexes for table `users`
--
ALTER TABLE `users`
  ADD PRIMARY KEY (`id`);

--
-- AUTO_INCREMENT for dumped tables
--

--
-- AUTO_INCREMENT for table `durations`
--
ALTER TABLE `durations`
  MODIFY `id` int(11) UNSIGNED NOT NULL AUTO_INCREMENT, AUTO_INCREMENT=10;
--
-- AUTO_INCREMENT for table `exercises`
--
ALTER TABLE `exercises`
  MODIFY `id` int(11) UNSIGNED NOT NULL AUTO_INCREMENT, AUTO_INCREMENT=5;
--
-- AUTO_INCREMENT for table `failed_jobs`
--
ALTER TABLE `failed_jobs`
  MODIFY `id` bigint(20) UNSIGNED NOT NULL AUTO_INCREMENT;
--
-- AUTO_INCREMENT for table `migrations`
--
ALTER TABLE `migrations`
  MODIFY `id` int(10) UNSIGNED NOT NULL AUTO_INCREMENT, AUTO_INCREMENT=9;
--
-- AUTO_INCREMENT for table `oauth_clients`
--
ALTER TABLE `oauth_clients`
  MODIFY `id` bigint(20) UNSIGNED NOT NULL AUTO_INCREMENT, AUTO_INCREMENT=3;
--
-- AUTO_INCREMENT for table `oauth_personal_access_clients`
--
ALTER TABLE `oauth_personal_access_clients`
  MODIFY `id` bigint(20) UNSIGNED NOT NULL AUTO_INCREMENT, AUTO_INCREMENT=2;
--
-- AUTO_INCREMENT for table `reminders`
--
ALTER TABLE `reminders`
  MODIFY `id` int(11) UNSIGNED NOT NULL AUTO_INCREMENT, AUTO_INCREMENT=60;
--
-- AUTO_INCREMENT for table `reminder_has_uploads`
--
ALTER TABLE `reminder_has_uploads`
  MODIFY `id` int(11) UNSIGNED NOT NULL AUTO_INCREMENT, AUTO_INCREMENT=22;
--
-- AUTO_INCREMENT for table `time_units`
--
ALTER TABLE `time_units`
  MODIFY `id` int(11) UNSIGNED NOT NULL AUTO_INCREMENT, AUTO_INCREMENT=3;
--
-- AUTO_INCREMENT for table `users`
--
ALTER TABLE `users`
  MODIFY `id` bigint(20) UNSIGNED NOT NULL AUTO_INCREMENT, AUTO_INCREMENT=33;
/*!40101 SET CHARACTER_SET_CLIENT=@OLD_CHARACTER_SET_CLIENT */;
/*!40101 SET CHARACTER_SET_RESULTS=@OLD_CHARACTER_SET_RESULTS */;
/*!40101 SET COLLATION_CONNECTION=@OLD_COLLATION_CONNECTION */;
